id,日期,录播来源,录播片段编号,起始时间点,结束时间点,文件名,文件类型,歌名,版本号,版本备注,中文歌名,原曲艺术家,演唱者,演唱状态,语言,备注,参考路灯man,有没有音频,切片源,有没有第二版本,第二版文件类型
A000001,2020.12.11,BV1dP4y1a7uF,,0,229944,,mp4,歌曲串烧,,,,王俊凯,珈乐,完整, 汉语,,,TRUE,,FALSE,
A000002,2020.12.12,BV1Tf4y1P7VG,,0,245904,,mp4,万有引力,,,,汪苏泷,嘉然,完整, 汉语,,,TRUE,,FALSE,
A000003,2020.12.23,BV12f4y1J71x,,0,111480,,mp4,天使にふれたよ!,,,相遇天使,,向晚,完整, 日语,,,TRUE,,FALSE,
A000004,2020.12.25,BV1sK411g7Ch,,0,239616,,mp4,ふわふわ時間,,,轻飘飘时间,放課後ティータイム (放学后TEA TIME),向晚,完整, 日语,,,TRUE,,FALSE,
A000005,2020.12.25,BV1sK411g7Ch,,0,235056,,mp4,云烟成雨,,,,房东的猫,珈乐,完整, 汉语,,,TRUE,,FALSE,
A000006,2020.12.25,BV1sK411g7Ch,,0,247728,,mp4,小手拉大手,,,,梁静茹,乃琳,完整, 汉语,,,TRUE,,FALSE,
A000007,2020.12.26,BV1264y1o7AT,,0,224064,,mp4,万有引力,2.0,,,"汪苏泷,BY2","向晚,嘉然",完整, 汉语,,,TRUE,,FALSE,
A000008,2020.12.26,BV1264y1o7AT,,0,103728,,mp4,恋愛サーキュレーション,,,恋爱循环,,"向晚,嘉然",完整, 日语,,,TRUE,,FALSE,
A000009,2020.12.26,BV1264y1o7AT,,0,209400,,mp4,爱你,,,,G.E.M. 邓紫棋,"向晚,嘉然",完整, 汉语,,,TRUE,,FALSE,
A000010,2020.12.27,BV1Rz4y1r7r8,,0,295344,,mp4,七里香,,,,周杰伦,珈乐,完整, 汉语,,,TRUE,,FALSE,
A000011,2020.12.27,BV1Rz4y1r7r8,,0,319920,,mp4,云烟成雨,2.0,,,,珈乐,完整, 汉语,,,TRUE,,FALSE,
A000012,2020.12.27,BV1Rz4y1r7r8,,0,212184,,mp4,囍,,,,林佩珊,珈乐,完整, 汉语,,,TRUE,,FALSE,
A000013,2020.12.27,BV1Rz4y1r7r8,,0,240336,,mp4,大笨钟,,,,周杰伦,珈乐,完整, 汉语,,,TRUE,,FALSE,
A000014,2020.12.27,BV1Rz4y1r7r8,,0,175128,,mp4,快乐小神仙,,,,天唱组合,珈乐,完整, 汉语,,,TRUE,,FALSE,
A000015,2020.12.27,BV1Rz4y1r7r8,,0,259656,,mp4,我喜欢,,,,周蕙,珈乐,完整, 汉语,,,TRUE,,FALSE,
A000016,2020.12.27,BV1Rz4y1r7r8,,0,149976,,mp4,我要你,,,,任素汐,珈乐,完整, 汉语,,,TRUE,,FALSE,
A000017,2020.12.27,BV1Rz4y1r7r8,,,,,,溯,,,,,珈乐,完整, 汉语,,,FALSE,,FALSE,
A000018,2020.12.27,BV1Rz4y1r7r8,,0,245304,,mp4,爱之初体验,,,,张震岳,珈乐,完整, 汉语,,,TRUE,,FALSE,
A000019,2020.12.27,BV1Rz4y1r7r8,,0,194928,,mp4,爱情派对,,,,"zz,1amBlackNess",珈乐,完整, 汉语,,,TRUE,,FALSE,
A000020,2020.12.27,BV1Rz4y1r7r8,,0,208752,,mp4,飞鸟和蝉,,,,,珈乐,完整, 汉语,,,TRUE,,FALSE,
A000021,2020.12.30,BV1QA411s7Wo,,0,240984,,mp4,不可思议,,,,草蜢,嘉然,完整, 汉语,,,TRUE,,FALSE,
A000022,2020.12.30,BV1QA411s7Wo,,0,182976,,mp4,勾指起誓,,,,泠鸢yousa,嘉然,完整, 汉语,,,TRUE,,FALSE,
A000023,2020.12.31,BV1Jq4y1K79V,,0,174816,,mp4,下山,,,,要不要买菜,珈乐,完整, 汉语,,,TRUE,,FALSE,
A000024,2020.12.31,BV1Jq4y1K79V,,0,249048,,mp4,小手拉大手,2.0,,,梁静茹,乃琳,完整, 汉语,,,TRUE,,FALSE,
A000025,2020.12.31,BV1Jq4y1K79V,,0,155088,,mp4,我要你,2.0,,,任素汐,珈乐,完整, 汉语,,,TRUE,,FALSE,
A000026,2020.12.31,BV1Jq4y1K79V,,0,238872,,mp4,棠梨煎雪,,,,银临,乃琳,完整, 汉语,,,TRUE,,FALSE,
A000027,2020.12.31,BV1Jq4y1K79V,,0,248448,,mp4,那么骄傲,,,,金海心,珈乐,完整, 汉语,,,TRUE,,FALSE,
A000028,2021.01.03,BV1nX4y1K7ZP,,0,282672,,mp4,爱你,2.0,,,,"向晚,嘉然",完整, 汉语,,,TRUE,,FALSE,
A000029,2021.01.06,BV17K4y1W7db,,0,160656,,mp4,好想你,,,,朱主爱,"向晚,嘉然",完整, 汉语,,,TRUE,,FALSE,
A000030,2021.01.06,BV17K4y1W7db,,0,185976,,mp4,青柠,,,,"徐秉龙,桃十五","向晚,嘉然",完整, 日语,,,TRUE,,FALSE,
A000031,2021.01.08,BV1554y147v2,,0,152736,,mp4,恋愛サーキュレーション,2.0,,恋爱循环,,向晚,完整, 日语,,,TRUE,,FALSE,
A000032,2021.01.08,BV1554y147v2,,0,183984,,mp4,爱的魔法,,,,金莎,乃琳,完整, 汉语,,,TRUE,,FALSE,
A000033,2021.01.08,BV1554y147v2,,0,292704,,mp4,逝去的歌,,,,旅行团乐队,珈乐,完整, 汉语,,,TRUE,,FALSE,
A000034,2021.01.09,BV1Np4y1x7rg,,0,222404,,m4a,夏天的风,,,,,乃琳,完整, 汉语,,,TRUE,,FALSE,
A000035,2021.01.09,BV1Np4y1x7rg,,0,149016,,mp4,我要你,,,,任素汐,乃琳,完整, 汉语,,,TRUE,,FALSE,
A000036,2021.01.09,BV1Np4y1x7rg,,0,254016,,mp4,棠梨煎雪,2.0,,,银临,乃琳,完整, 汉语,,,TRUE,,FALSE,
A000037,2021.01.10,BV1o54y1x7ba,,0,261312,,mp4,爱的华尔兹,,,,"排骨教主,KBShinya",嘉然,完整, 汉语,,,TRUE,,FALSE,
A000038,2021.01.14,BV17p4y1x76K,,0,143808,,mp4,星屑ビーナス,,,星尘中的维纳斯,,贝拉,完整, 日语,,,TRUE,,FALSE,
A000039,2021.01.14,BV17p4y1x76K,,0,143304,,mp4,星屑ビーナス,2.0,,星尘中的维纳斯,,贝拉,完整, 日语,,,TRUE,,FALSE,
A000040,2021.01.15,BV1Sv411W7uz,,0,253680,,mp4,十万毫升泪水,,,,蔡健雅,珈乐,完整, 汉语,,,TRUE,,FALSE,
A000041,2021.01.15,BV1Sv411W7uz,,0,166680,,mp4,暖暖,,,,,乃琳,完整, 汉语,,,TRUE,,FALSE,
A000042,2021.01.16,BV1Zf4y1r7Re,,0,262560,,mp4,忽然之间,,,,阿虾,乃琳,完整, 汉语,,,TRUE,,FALSE,
A000043,2021.01.16,BV1Zf4y1r7Re,,0,312984,,mp4,水星记,2.0,,,郭顶,乃琳,完整, 汉语,,,TRUE,,FALSE,
A000044,2021.01.16,BV1Zf4y1r7Re,,0,315600,,mp4,水星记,,,,郭顶,乃琳,完整, 汉语,,,TRUE,,FALSE,
A000045,2021.01.16,BV1Zf4y1r7Re,,0,233544,,mp4,陪我长大,,,,段奥娟,乃琳,完整, 汉语,,,TRUE,,FALSE,
A000046,2021.01.22,BV1ft4y1z7zH,,0,180648,,mp4,Fly Me To The Moon,,,,Nancy Wilson,贝拉,完整, 英语,,,TRUE,,FALSE,
A000047,2021.01.22,BV1ft4y1z7zH,,0,232440,,mp4,素颜,,,,"许嵩,何曼婷","珈乐,嘉然",完整, 汉语,,,TRUE,,FALSE,
A000048,2021.01.22,BV1ft4y1z7zH,,0,177240,,mp4,马马嘟嘟骑,,,,斯斯与帆,珈乐,完整, 汉语,,,TRUE,,FALSE,
A000049,2021.01.23,BV1ty4y1p7rm,,0,327792,,mp4,勇气,,,,光良,乃琳,完整, 汉语,,,TRUE,,FALSE,
A000050,2021.01.23,BV1ty4y1p7rm,,0,246312,,mp4,喜欢你,,,,G.E.M. 邓紫棋,乃琳,完整, 汉语,,,TRUE,,FALSE,
A000051,2021.01.23,BV1ty4y1p7rm,,0,289272,,mp4,我喜欢,,,,梁静茹,乃琳,完整, 汉语,,,TRUE,,FALSE,
A000052,2021.01.23,BV1ty4y1p7rm,,0,286680,,mp4,我喜欢,2.0,,,梁静茹,乃琳,完整, 汉语,,,TRUE,,FALSE,
A000053,2021.01.23,BV1ty4y1p7rm,,0,197328,,mp4,我多喜欢你，你会知道,,,,王俊琪,乃琳,完整, 汉语,,,TRUE,,FALSE,
A000054,2021.01.24,BV16v4y1f7mS,,0,238656,,mp4,万有引力,2.5,,,汪苏泷,向晚,完整, 汉语,,,TRUE,,FALSE,
A000055,2021.01.24,BV16v4y1f7mS,,0,182928,,mp4,青柠,2.0,,,蓝七七,向晚,完整, 日语,,,TRUE,,FALSE,
A000056,2021.01.28,BV1qr4y1K7R5,,0,338904,,mp4,鳥の詩,,,,Lia (りあ),贝拉,完整, 日语,,,TRUE,,FALSE,
A000057,2021.01.29,BV1Ht4y1B7hj,,0,183504,,mp4,A Little Love,,,,冯曦妤,嘉然,完整, 英语,,,TRUE,,FALSE,
A000058,2021.01.29,BV1Ht4y1B7hj,,0,201168,,mp4,Love Lane,,,,MAMAMOO (마마무),贝拉,完整, 汉语,,,TRUE,,FALSE,
A000059,2021.01.29,BV1Ht4y1B7hj,,0,202608,,mp4,カタオモイ,,,单相思,Aimer (エメ),向晚,完整, 日语,,,TRUE,,FALSE,
A000060,2021.01.29,BV1Ht4y1B7hj,,0,320592,,mp4,你啊你啊,,,,魏如萱,珈乐,完整, 汉语,,,TRUE,,FALSE,
A000061,2021.01.29,BV1Ht4y1B7hj,,0,254136,,mp4,当你,,,,林俊杰,乃琳,完整, 汉语,,,TRUE,,FALSE,
A000062,2021.01.30,BV1Rv411Y7ih,,0,188064,,mp4,A Little Love,2.0,,,冯曦妤,嘉然,完整, 英语,,,TRUE,,FALSE,
A000063,2021.01.30,BV1sh41117ML,,0,217248,,mp4,后会无期,2.0,,,"汪苏泷,徐良",乃琳,完整, 汉语,,,TRUE,,FALSE,
A000064,2021.01.30,BV1sh41117ML,,0,212832,,mp4,后会无期,,,,"汪苏泷,徐良",乃琳,完整, 汉语,,,TRUE,,FALSE,
A000065,2021.01.30,BV1sh41117ML,,0,313752,,mp4,水星记,3.0,,,郭顶,乃琳,完整, 汉语,,,TRUE,,FALSE,
A000066,2021.01.31,BV1Th41117Ag,,0,231720,,mp4,有点甜,2.0,,,"汪苏泷,BY2","向晚,乃琳",完整, 汉语,,,TRUE,,FALSE,
A000067,2021.01.31,BV1Th41117Ag,,0,216912,,mp4,有点甜,,,,慕灼,"向晚,乃琳",完整, 汉语,,,TRUE,,FALSE,
A000068,2021.02.04,BV1sU4y1x7fb,,0,221880,,mp4,后会无期,3.0,,,"汪苏泷,徐良",乃琳,完整, 汉语,,,TRUE,,FALSE,
A000069,2021.02.05,BV15X4y1572x,,0,175176,,mp4,新年快乐,,,,,A-SOUL,完整, 汉语,,,TRUE,,FALSE,
A000070,2021.02.05,BV15X4y1572x,,0,221328,,mp4,痒,,,,黄龄,珈乐,完整, 汉语,,,TRUE,,FALSE,
A000071,2021.02.05,BV15X4y1572x,,0,240168,,mp4,霜雪千年,,,,"双笙 (陈元汐),封茗囧菌",乃琳,完整, 汉语,,,TRUE,,FALSE,
A000072,2021.02.06,BV1dK4y1D7hd,,0,258432,,mp4,宠爱,,,,TFBOYS,乃琳,完整, 汉语,,,TRUE,,FALSE,
A000073,2021.02.06,BV1dK4y1D7hd,,0,234840,,mp4,岁月神偷,,,,金玟岐,乃琳,完整, 汉语,,,TRUE,,FALSE,
A000074,2021.02.06,BV1dK4y1D7hd,,0,288600,,mp4,我喜欢,3.0,,,梁静茹,乃琳,完整, 汉语,,,TRUE,,FALSE,
A000075,2021.02.06,BV1dK4y1D7hd,,0,234384,,mp4,棠梨煎雪,3.0,,,银临,乃琳,完整, 汉语,,,TRUE,,FALSE,
A000076,2021.02.14,BV1NV411q7Yg,,0,286752,,mp4,七里香,,,,周杰伦,"珈乐,嘉然",完整, 汉语,,,TRUE,,FALSE,
A000077,2021.02.14,BV18z4y1U723,,0,233088,,mp4,万有引力,3.0,,,汪苏泷,嘉然,完整, 汉语,,,TRUE,,FALSE,
A000078,2021.02.14,BV1AV411q7D5,,0,76776,,mp4,云烟成雨,,,,,向晚,完整, 汉语,,,TRUE,,FALSE,
A000079,2021.02.14,BV1AV411q7D5,,0,141648,,mp4,好想你,2.0,,,,向晚,完整, 汉语,,,TRUE,,FALSE,
A000080,2021.02.14,BV1Ph411y7gm,,0,246960,,mp4,小手拉大手,3.0,,,梁静茹,乃琳,完整, 汉语,,,TRUE,,FALSE,
A000081,2021.02.14,BV1AV411q7D5,,0,189456,,mp4,彩虹,,,,周杰伦,向晚,完整, 汉语,,,TRUE,,FALSE,
A000082,2021.02.14,BV1Ph411y7gm,,0,238464,,mp4,我喜欢,4.0,,,上海彩虹室内合唱团,乃琳,完整, 汉语,,,TRUE,,FALSE,
A000083,2021.02.14,BV1NV411q7Yg,,0,253800,,mp4,春风十里,,,,宋佳,珈乐,完整, 汉语,,,TRUE,,FALSE,
A000084,2021.02.14,BV18z4y1U723,,0,151560,,mp4,爱你,,陈芳语,,,"向晚,嘉然",完整, 汉语,,,TRUE,,FALSE,
A000085,2021.02.14,BV1AV411q7D5,,0,97296,,mp4,说爱你,,,,,向晚,完整, 汉语,,,TRUE,,FALSE,
A000086,2021.02.15,BV1AV411q7D5,,0,282624,,mp4,Wherever You Are,,,,ONE OK ROCK (ワンオクロック),向晚,完整, 日语,,,TRUE,,FALSE,
A000087,2021.02.15,BV1Ph411y7gm,,0,241608,,mp4,亲爱的旅人啊,,,,周深,乃琳,完整, 汉语,,,TRUE,,FALSE,
A000088,2021.02.15,BV18z4y1U723,,0,157392,,mp4,小城谣,,,,,嘉然,完整, 汉语,,,TRUE,,FALSE,
A000089,2021.02.15,BV1wb4y1R731,,0,297960,,mp4,暁の車,,,,南里侑香 (なんり ゆうか),贝拉,完整, 日语,,,TRUE,,FALSE,
A000090,2021.02.15,BV1NV411q7Yg,,0,237048,,mp4,棠梨煎雪,4.0,,,银临,"珈乐,乃琳",完整, 汉语,,,TRUE,,FALSE,
A000091,2021.02.15,BV1Ph411y7gm,,0,314640,,mp4,水星记,3.5,,,郭顶,乃琳,完整, 汉语,,,TRUE,,FALSE,
A000092,2021.02.15,BV1Ph411y7gm,,0,316632,,mp4,水星记,4.0,,,郭顶,乃琳,完整, 汉语,,,TRUE,,FALSE,
A000093,2021.02.15,BV1AV411q7D5,,0,227472,,mp4,水母之歌,1.0,,,,向晚,完整, 汉语,,,TRUE,,FALSE,
A000094,2021.02.15,BV18z4y1U723,,0,178080,,mp4,爱你,2.0,陈芳语,,,向晚,完整, 汉语,,,TRUE,,FALSE,
A000095,2021.02.15,BV1wb4y1R731,,0,175920,,mp4,素敵だね,,,绚烂无比,,贝拉,完整, 日语,,,TRUE,,FALSE,
A000096,2021.02.15,BV1NV411q7Yg,,0,200112,,mp4,芒种,,,,"音阙诗听,赵方婧",珈乐,完整, 汉语,,,TRUE,,FALSE,
A000097,2021.02.15,BV1AV411q7D5,,0,159312,,mp4,鱼,,,,FuGa pang,向晚,完整, 汉语,,,TRUE,,FALSE,
A000098,2021.02.16,BV1AV411q7D5,,0,212424,,mp4,A Thousand Years,,,,,向晚,完整, 英语,,,TRUE,,FALSE,
A000099,2021.02.16,BV1wb4y1R731,,0,57936,,mp4,カタオモイ,,,单相思,Maggie_麦吉,贝拉,完整, 日语,,,TRUE,,FALSE,
A000100,2021.02.16,BV1NV411q7Yg,,0,311040,,m4a,水星记,,,,郭顶,珈乐,完整, 汉语,,,TRUE,,FALSE,
A000101,2021.02.16,BV1wb4y1R731,,0,332808,,mp4,素敵だね,2.0,,绚烂无比,Rikki (中野律纪),贝拉,完整, 日语,,,TRUE,,FALSE,
A000102,2021.02.16,BV1NV411q7Yg,,0,170400,,mp4,红昭愿,,,,音阙诗听,"珈乐,乃琳",完整, 汉语,,,TRUE,,FALSE,
A000103,2021.02.17,BV1qv411a7QA,,0,208008,,mp4,カタオモイ,2.0,,单相思,Aimer (エメ),贝拉,完整, 日语,,,TRUE,,FALSE,
A000104,2021.02.17,BV1XK4y1n7LM,,0,295896,,mp4,大鱼,,,,周深,"珈乐,乃琳",完整, 汉语,,,TRUE,,FALSE,
A000105,2021.02.20,BV17v411Y7SJ,,0,200136,,mp4,桃花笑,,,,原来是萝卜丫,珈乐,完整, 汉语,,,TRUE,,FALSE,
A000106,2021.02.24,BV1Py4y1a7jT,,0,216408,,mp4,胡广生,,,,任素汐,珈乐,完整, 汉语,,,TRUE,,FALSE,
A000107,2021.02.26,BV1hr4y1A7sP,,0,68856,,mp4,卖汤圆,,,,徐小凤,向晚,完整, 汉语,,,TRUE,,FALSE,
A000108,2021.02.26,BV1hr4y1A7sP,,0,112656,,mp4,星星,,,,,A-SOUL,完整, 汉语,,,TRUE,,FALSE,
A000109,2021.02.26,BV1hr4y1A7sP,,0,205224,,mp4,胭脂妆,,,,苗洛霏,乃琳,完整, 汉语,,,TRUE,,FALSE,
A000110,2021.02.27,BV1Kp4y1H7XP,,0,203088,,mp4,夜宴风波,,,,"音阙诗听,王梓钰","贝拉,乃琳",完整, 汉语,,,TRUE,,FALSE,
A000111,2021.02.27,BV1Kp4y1H7XP,,0,313752,,mp4,宠爱,2.0,,,,"嘉然,乃琳",完整, 汉语,,,TRUE,,FALSE,
A000112,2021.02.27,BV1Kp4y1H7XP,,0,211128,,mp4,遇见你的时候所有星星都落到我头上,,,,高姗,嘉然,完整, 汉语,,,TRUE,,FALSE,
A000113,2021.02.28,BV18p4y1H7CQ,,0,106080,,mp4,Summertime,,,,,"向晚,嘉然",完整, 日语,,,TRUE,,FALSE,
A000114,2021.02.28,BV18p4y1H7CQ,,0,69456,,mp4,The Show,,,,,"向晚,嘉然",完整, 英语,,,TRUE,,FALSE,
A000115,2021.02.28,BV18p4y1H7CQ,,0,234936,,mp4,旅行的意义,,,,徐佳莹,"向晚,嘉然",完整, 汉语,,,TRUE,,FALSE,
A000116,2021.03.03,BV1YA411K7ov,,0,243384,,mp4,别找我麻烦,,,,蔡健雅,珈乐,完整, 汉语,,,TRUE,,FALSE,
A000117,2021.03.04,BV1KX4y1V7jM,,0,137088,,mp4,鸽子,,,,徐秉龙,乃琳,完整, 汉语,,,TRUE,,FALSE,
A000118,2021.03.05,BV13y4y1a753,,0,255216,,mp4,Butterfly,,,,和田光司 (わだ こうじ),贝拉,完整, 日语,,,TRUE,,FALSE,
A000119,2021.03.05,BV13y4y1a753,,0,212568,,mp4,同桌的你,,,,老狼,A-SOUL,完整, 汉语,,,TRUE,,FALSE,
A000120,2021.03.06,BV1xv411h7Wq,,0,242352,,mp4,Brave Song,,,,,向晚,完整, 日语,,,TRUE,,FALSE,
A000121,2021.03.06,BV1xv411h7Wq,,0,330552,,mp4,你啊你啊,2.0,,,魏如萱,珈乐,完整, 汉语,,,TRUE,,FALSE,
A000122,2021.03.06,BV1xv411h7Wq,,0,256416,,mp4,小城谣,2.0,,,"泥鳅Niko,翘课迟到少恭桑",嘉然,完整, 汉语,,,TRUE,,FALSE,
A000123,2021.03.06,BV1xv411h7Wq,,0,250512,,mp4,梦回环,,,,呦猫UNEKO,贝拉,完整, 汉语,,,TRUE,,FALSE,
A000124,2021.03.07,BV1Hh411Q7go,,0,180024,,mp4,好像掉进爱情海里,,,,南偿,嘉然,完整, 汉语,,,TRUE,,FALSE,
A000125,2021.03.10,BV1Kf4y1t7gu,,0,195096,,mp4,同桌的你,,,,老狼,珈乐,完整, 汉语,,,TRUE,,FALSE,
A000126,2021.03.10,BV1Tb4y197Se,,0,94392,,mp4,小宇,,,,,向晚,完整, 汉语,,,TRUE,,FALSE,
A000127,2021.03.10,BV1Kf4y1t7gu,,0,168672,,mp4,我要你,3.0,,,,珈乐,完整, 汉语,,,TRUE,,FALSE,
A000128,2021.03.10,BV1Tb4y197Se,,0,80592,,mp4,水母之歌,3.0,,,,向晚,完整, 汉语,,,TRUE,,FALSE,
A000129,2021.03.12,BV15N411Q76z,,0,200472,,mp4,忽然之间,2.0,,,莫文蔚,"珈乐,乃琳",完整, 汉语,,,TRUE,,FALSE,
A000130,2021.03.13,BV1Qv411h7YJ,,0,46464,,mp4,小白船,,,,,"向晚,乃琳",完整, 汉语,,,TRUE,,FALSE,
A000131,2021.03.13,BV1Qv411h7YJ,,0,79224,,mp4,鸽子,2.0,,,,"向晚,乃琳",完整, 汉语,,,TRUE,,FALSE,
A000132,2021.03.14,BV15v411a7pe,,0,156912,,mp4,情非得已,,,,,A-SOUL,完整, 汉语,,,TRUE,,FALSE,
A000133,2021.03.14,BV15v411a7pe,,0,218400,,mp4,爱你,3.0,,,G.E.M. 邓紫棋,A-SOUL,完整, 汉语,,,TRUE,,FALSE,
A000134,2021.03.17,BV12p4y1h7m2,,0,85344,,mp4,Love Is Gone,,,,,向晚,完整, 英语,,,TRUE,,FALSE,
A000135,2021.03.17,BV1Py4y1h7MW,,0,224352,,mp4,云烟成雨,3.0,,,房东的猫,珈乐,完整, 汉语,,,TRUE,,FALSE,
A000136,2021.03.17,BV12p4y1h7m2,,0,126072,,mp4,心跳的证明,,,,,向晚,完整, 汉语,,,TRUE,,FALSE,
A000137,2021.03.17,BV1zK4y1U7tf,,0,235608,,mp4,棠梨煎雪,5.0,,,银临,乃琳,完整, 汉语,,,TRUE,,FALSE,
A000138,2021.03.17,BV1Py4y1h7MW,,0,211008,,mp4,理想三旬,,,,陈鸿宇,珈乐,完整, 汉语,,,TRUE,,FALSE,
A000139,2021.03.17,BV12p4y1h7m2,,0,40320,,mp4,生日祝福歌,,,,,向晚,完整, 汉语,,,TRUE,,FALSE,
A000140,2021.03.17,BV1zK4y1U7tf,,0,253824,,mp4,迷迭香,,,,周杰伦,乃琳,完整, 汉语,,,TRUE,,FALSE,
A000141,2021.03.19,BV1jV411e77J,,0,240312,,mp4,わたしの恋はッチキス,,,我的订书机之恋,石井和美 (Kazumi Ishii),向晚,完整, 日语,,,TRUE,,FALSE,
A000142,2021.03.19,BV1jV411e77J,,0,229536,,mp4,陪我长大,2.0,,,段奥娟,乃琳,完整, 汉语,,,TRUE,,FALSE,
A000143,2021.03.20,BV1rZ4y1w7SD,,0,154032,,mp4,咖喱咖喱,,,,牛奶咖啡,乃琳,完整, 汉语,,,TRUE,,FALSE,
A000144,2021.03.24,BV1Ky4y1t7Po,,0,282456,,mp4,月半小夜曲,,,,李克勤,乃琳,完整, 汉语,,,TRUE,,FALSE,
A000145,2021.03.25,BV11K4y1T7Uf,,0,258336,,mp4,十万毫升泪水,2.0,,,蔡健雅,珈乐,完整, 汉语,,,TRUE,,FALSE,
A000146,2021.03.25,BV11K4y1T7Uf,,0,159240,,mp4,我要你,4.0,,,任素汐,珈乐,完整, 汉语,,,TRUE,,FALSE,
A000147,2021.03.25,BV11K4y1T7Uf,,0,272880,,mp4,春风十里,2.0,,,宋佳,珈乐,完整, 汉语,,,TRUE,,FALSE,
A000148,2021.03.25,BV11K4y1T7Uf,,0,171528,,mp4,桃花笑,2.0,,,,珈乐,完整, 汉语,,,TRUE,,FALSE,
A000149,2021.03.25,BV11K4y1T7Uf,,0,240600,,mp4,爱之初体验,2.0,,,张震岳,珈乐,完整, 汉语,,,TRUE,,FALSE,
A000150,2021.03.27,BV1qK4y1T7gW,,0,179592,,mp4,世间美好与你环环相扣,,,,章伟杰,乃琳,完整, 汉语,,,TRUE,,FALSE,
A000151,2021.03.26,BV1qK4y1T7gW,,0,269736,,mp4,春风十里,3.0,,,宋佳,珈乐,完整, 汉语,,,TRUE,,FALSE,
A000152,2021.03.27,BV1qK4y1T7gW,,0,172248,,mp4,好像掉进爱情海里,2.0,,,南偿,A-SOUL,完整, 汉语,,,TRUE,,FALSE,
A000153,2021.03.27,BV1qK4y1T7gW,,0,193296,,mp4,爱情派对,2.0,,,"zz,1amBlackNess",珈乐,完整, 汉语,,,TRUE,,FALSE,
A000154,2021.04.01,BV1nU4y1Y7WX,,0,293088,,mp4,secret base~君がくれたもの~,2.0,,,"茅野愛衣,戸松遥,早见沙织",向晚,完整, 日语,,,TRUE,,FALSE,
A000155,2021.04.01,BV1nU4y1Y7WX,,0,213264,,mp4,万有引力,4.0,,,梁心语,嘉然,完整, 汉语,,,TRUE,,FALSE,
A000156,2021.04.01,BV1nU4y1Y7WX,,0,233616,,mp4,云烟成雨,4.0,,,房东的猫,珈乐,完整, 汉语,,,TRUE,,FALSE,
A000157,2021.04.01,BV1nU4y1Y7WX,,0,179424,,mp4,再见,,,,张震岳,A-SOUL,完整, 汉语,,,TRUE,,FALSE,
A000158,2021.04.01,BV1nU4y1Y7WX,,0,266016,,mp4,冬眠,,,,司南,"珈乐,乃琳",完整, 汉语,,,TRUE,,FALSE,
A000159,2021.04.01,BV1nU4y1Y7WX,,0,221280,,mp4,后会无期,4.0,,,"汪苏泷,徐良",乃琳,完整, 汉语,,,TRUE,,FALSE,
A000160,2021.04.01,BV1nU4y1Y7WX,,0,258936,,mp4,宠爱,3.0,,,TFBOYS,"向晚,乃琳",完整, 汉语,,,TRUE,,FALSE,
A000161,2021.04.01,BV1nU4y1Y7WX,,0,242208,,mp4,我只在乎你,,,,邓丽君,"贝拉,珈乐",完整, 汉语,,,TRUE,,FALSE,
A000162,2021.04.01,BV1nU4y1Y7WX,,0,162720,,mp4,挥着翅膀的女孩,,,,容祖儿,"向晚,嘉然",完整, 汉语,,,TRUE,,FALSE,
A000163,2021.04.02,BV1eh411D78N,,0,183528,,mp4,Fly Me To The Moon,2.0,,,Nancy Wilson,贝拉,完整, 英语,,,TRUE,,FALSE,
A000164,2021.04.02,BV1eh411D78N,,0,227160,,mp4,你的甜蜜,,,,范晓萱,嘉然,完整, 汉语,,,TRUE,,FALSE,
A000165,2021.04.02,BV1eh411D78N,,0,166344,,mp4,圈住你,,,,一口甜,向晚,完整, 汉语,,,TRUE,,FALSE,
A000166,2021.04.02,BV1eh411D78N,,0,172440,,mp4,失恋阵线联盟,,,,草蜢,A-SOUL,完整, 汉语,,,TRUE,,FALSE,
A000167,2021.04.02,BV1eh411D78N,,0,287688,,mp4,月半小夜曲,2.0,,,李克勤,乃琳,完整, 汉语,,,TRUE,,FALSE,
A000168,2021.04.02,BV1eh411D78N,,0,93552,,mp4,爱河,,,,,向晚,完整, 汉语,,,TRUE,,FALSE,
A000169,2021.04.02,BV1eh411D78N,,0,214704,,mp4,红色高跟鞋,,,,蔡健雅,珈乐,完整, 汉语,,,TRUE,,FALSE,
A000170,2021.04.07,BV1fZ4y1F7DU,,0,86208,,mp4,偏爱,,,,,珈乐,完整, 汉语,,,TRUE,,FALSE,
A000171,2021.04.07,BV1fZ4y1F7DU,,0,207336,,mp4,桃花朵朵开,,,,阿牛,珈乐,完整, 汉语,,,TRUE,,FALSE,
A000172,2021.04.07,BV1p64y1S7s8,,0,166453,,mp4,迷迭香,2.0,,,龚琳娜,乃琳,完整, 汉语,merged,,TRUE,,FALSE,
A000173,2021.04.08,BV1bA411L7v6,,0,277944,,mp4,終わらない詩,,,永不终止的诗,日笠阳子 (ひかさ ようこ),贝拉,完整, 日语,,,TRUE,,FALSE,
A000174,2021.04.08,BV1bA411L7v6,,0,270288,,mp4,轻轻的告诉你,,,,周虹,贝拉,完整, 汉语,,,TRUE,,FALSE,
A000175,2021.04.09,BV1pi4y1A7Fa,,0,121416,,mp4,ヘビーローテーション,,,无尽重播,,贝拉,完整, 日语,,,TRUE,,FALSE,
A000176,2021.04.09,BV1pi4y1A7Fa,,0,261216,,mp4,不可思议,2.0,,,金莎,嘉然,完整, 汉语,,,TRUE,,FALSE,
A000177,2021.04.09,BV1pi4y1A7Fa,,0,197760,,mp4,好想要牵你的手,,,,一口甜,乃琳,完整, 汉语,,,TRUE,,FALSE,
A000178,2021.04.09,BV1pi4y1A7Fa,,0,193584,,mp4,稍息立正站好,,,,范晓萱,A-SOUL,完整, 汉语,,,TRUE,,FALSE,
A000179,2021.04.10,BV1BK411F7Rw,,0,249408,,mp4,心愿便利贴,,,,"元若蓝,大Q秉洛",A-SOUL,完整, 汉语,,,TRUE,,FALSE,
A000180,2021.04.11,BV1rp4y187QF,,0,184704,,mp4,他不爱我,,,,,"向晚,乃琳",完整, 汉语,,,TRUE,,FALSE,
A000181,2021.04.11,BV1rp4y187QF,,0,170813,,mp4,心愿便利贴,2.0,,,王欣宇,"向晚,乃琳",完整, 汉语,merged,,TRUE,,FALSE,
A000182,2021.04.14,BV1mZ4y1c7Ti,,0,214080,,mp4,迷宫,,,,王若琳,乃琳,完整, 汉语,,,TRUE,,FALSE,
A000183,2021.04.15,BV1dZ4y1c7hk,,0,261816,,mp4,不可思议,3.0,,,金莎,嘉然,完整, 汉语,,,TRUE,,FALSE,
A000184,2021.04.16,BV1EK411F7Hy,,0,233640,,mp4,The Lazy Song,,,,Tabata Music,向晚,完整, 英语,,,TRUE,,FALSE,
A000185,2021.04.16,BV1EK411F7Hy,,0,113184,,mp4,晚安喵,,,,艾索,"向晚,贝拉,乃琳,嘉然",完整, 汉语,,,TRUE,,FALSE,
A000186,2021.04.16,BV1EK411F7Hy,,0,251160,,mp4,迷迭香,3.0,,,周杰伦,乃琳,完整, 汉语,,,TRUE,,FALSE,
A000187,2021.04.18,BV1JV411J7Kr,,0,78936,,mp4,鸽子,3.0,,,,"向晚,乃琳",完整, 汉语,,,TRUE,,FALSE,
A000188,2021.04.22,BV1Q54y1L7nu,,0,239184,,mp4,情花,,,,本兮,嘉然,完整, 汉语,,,TRUE,,FALSE,
A000189,2021.04.24,BV1gK411c7cM,,0,193128,,mp4,夏天的风,,,,旺仔小乔,"向晚,贝拉,嘉然",完整, 汉语,,,TRUE,,FALSE,
A000190,2021.04.24,BV1gK411c7cM,,0,145771,,m4a,星星,,,,汪苏泷,"向晚,贝拉,嘉然",完整, 汉语,,,TRUE,,FALSE,
A000191,2021.04.28,BV1f84y1F7ij,,0,170136,,mp4,倔强,,,,,向晚,完整, 汉语,,,TRUE,,FALSE,
A000192,2021.04.28,BV1f84y1F7ij,,0,106392,,mp4,我又初恋了,,,,,向晚,完整, 汉语,,,TRUE,,FALSE,
A000193,2021.04.28,BV1f84y1F7ij,,0,193988,,mp4,温柔,,,,杨吉露,向晚,完整, 汉语,merged,,TRUE,,FALSE,
A000194,2021.04.28,BV1f84y1F7ij,,0,351053,,mp4,知足,,,,五月天,向晚,完整, 汉语,merged,,TRUE,,FALSE,
A000195,2021.05.03,BV1jf4y1W7ry,,0,268368,,mp4,外面的世界,,,,莫文蔚,乃琳,完整, 汉语,,,TRUE,,FALSE,
A000196,2021.05.04,BV1Yy4y1p7i6,,0,123912,,mp4,晚安喵,2.0,,,艾索,嘉然,完整, 汉语,,,TRUE,,FALSE,
A000197,2021.05.07,BV1XK4y1w76y,,0,166296,,mp4,好像掉进爱情海里,3.0,,,,"向晚,贝拉,乃琳,嘉然",完整, 汉语,,,TRUE,,FALSE,
A000198,2021.05.07,BV1XK4y1w76y,,0,221400,,mp4,日不落,,,,蔡依林,乃琳,完整, 汉语,,,TRUE,,FALSE,
A000199,2021.05.08,BV1Uq4y1f7jd,,0,171480,,mp4,虫儿飞,,,,宋小睿,"向晚,贝拉,乃琳,嘉然",完整, 汉语,,,TRUE,,FALSE,
A000200,2021.05.09,BV1BK4y1d7hv,,0,212016,,mp4,九十九次我爱他,,,,元若蓝,向晚,完整, 汉语,,,TRUE,,FALSE,
A000201,2021.05.09,BV1BK4y1d7hv,,0,214128,,mp4,告白气球,,,,周杰伦,乃琳,完整, 汉语,,,TRUE,,FALSE,
A000202,2021.05.09,BV1BK4y1d7hv,,0,204504,,mp4,爱X无限大,,,,洛晴,嘉然,完整, 汉语,,,TRUE,,FALSE,
A000203,2021.05.13,BV1Vp4y1t764,,0,242712,,mp4,Wonderful U,,,,AGA,"贝拉,乃琳",完整, 英语,,,TRUE,,FALSE,
A000204,2021.05.13,BV1Vp4y1t764,,0,240624,,mp4,亲爱的旅人啊,2.0,,,周深,"贝拉,乃琳",完整, 汉语,,,TRUE,,FALSE,
A000205,2021.05.13,BV1Vp4y1t764,,0,227280,,mp4,偿还,,,,邓丽君,"贝拉,乃琳",完整, 汉语,,,TRUE,,FALSE,
A000206,2021.05.13,BV1Vp4y1t764,,0,248664,,mp4,被风吹过的夏天,,,,"金莎,林俊杰","贝拉,乃琳",完整, 汉语,,,TRUE,,FALSE,
A000207,2021.05.14,BV1Fo4y1m7ci,,0,165072,,mp4,吵架歌,,,,"汪苏泷,Hari荷莉","嘉然,乃琳",完整, 汉语,,,TRUE,,FALSE,
A000208,2021.05.14,BV1Fo4y1m7ci,,0,212664,,mp4,牛奶面包,,,,杨紫,向晚,完整, 汉语,,,TRUE,,FALSE,
A000209,2021.05.15,BV1UN411o7L2,,0,275976,,mp4,你不知道的事,,,,王力宏,"向晚,贝拉,乃琳,嘉然",完整, 汉语,,,TRUE,,FALSE,
A000210,2021.05.15,BV1UN411o7L2,,0,200496,,mp4,宁夏,,,,梁静茹,"向晚,贝拉,乃琳,嘉然",完整, 汉语,,,TRUE,,FALSE,
A000211,2021.05.16,BV1Uh411e75j,,0,234840,,mp4,勇气,,,,棉子,"贝拉,乃琳",完整, 汉语,,,TRUE,,FALSE,
A000212,2021.05.16,BV1Uh411e75j,,0,225864,,mp4,如果的事,,,,"范玮琪,张韶涵","贝拉,乃琳",完整, 汉语,,,TRUE,,FALSE,
A000213,2021.05.19,BV1SK4y197fw,,0,132672,,mp4,Perfect,,,,,向晚,完整, 英语,,,TRUE,,FALSE,
A000214,2021.05.19,BV1SK4y197fw,,0,167400,,mp4,我又初恋了,2.0,,,,向晚,完整, 汉语,,,TRUE,,FALSE,
A000215,2021.05.19,BV1SK4y197fw,,0,94080,,mp4,海龟之歌,,,,,向晚,完整, 汉语,,,TRUE,,FALSE,
A000216,2021.05.19,BV1Zq4y177nA,,0,188568,,mp4,爱的魔法,,,,金莎,嘉然,完整, 汉语,,,TRUE,,FALSE,
A000217,2021.05.19,BV1SK4y197fw,,0,104496,,mp4,顶碗人评论即兴,,,,冉松,向晚,完整, 汉语,,,TRUE,,FALSE,
A000218,2021.05.19,BV1Zq4y177nA,,0,209496,,mp4,麋鹿森林,,,,一口甜,嘉然,完整, 汉语,,,TRUE,,FALSE,
A000219,2021.05.20,BV1e5411u7PG,,0,292536,,mp4,快乐老家,,,,"唐汉霄,梁龙,张碧晨,吴莫愁",乃琳,完整, 汉语,,,TRUE,,FALSE,
A000220,2021.05.20,BV1e5411u7PG,,0,188688,,mp4,给我一个吻,,,,杨子姗,乃琳,完整, 汉语,,,TRUE,,FALSE,
A000221,2021.05.20,BV1e5411u7PG,,0,247848,,mp4,羞答答的玫瑰静悄悄地开,,,,孟庭苇,乃琳,完整, 汉语,,,TRUE,,FALSE,
A000222,2021.05.21,BV1wU4y1L7Tc,,0,267264,,mp4,이쁘다니까,,,你真漂亮,,"贝拉",完整, 韩语,,,TRUE,,FALSE,
A000223,2021.05.21,BV1wU4y1L7Tc,,0,168792,,mp4,小情歌,,,,,"向晚",完整, 汉语,,,TRUE,,FALSE,
A000224,2021.05.21,BV1wU4y1L7Tc,,0,201912,,mp4,彩虹的微笑,,,,方潇文,"乃琳",完整, 汉语,,,TRUE,,FALSE,
A000225,2021.05.21,BV1wU4y1L7Tc,,0,171360,,mp4,忽然之间,3.0,,,"崔铭珈,阿虾",乃琳,完整, 汉语,,,TRUE,,FALSE,
A000226,2021.05.21,BV1wU4y1L7Tc,,0,192792,,mp4,恋爱ING,,,,,"向晚,贝拉,乃琳",完整, 日语,,,TRUE,,FALSE,
A000227,2021.05.22,BV1EN411Z7RU,,0,187416,,mp4,小永远,,,,,"向晚,贝拉,乃琳",完整, 汉语,,,TRUE,,FALSE,
A000228,2021.05.22,BV1EN411Z7RU,,0,273264,,mp4,海底,,,,哇绾绾呀,"贝拉,乃琳",完整, 汉语,,,TRUE,,FALSE,
A000229,2021.05.26,BV1eQ4y1R7Q4,,0,222383,,mp4,下雨了是我在想你,,,,"INTO1-林墨,甘望星,何屹繁,利路修","向晚",完整, 汉语,merged,,TRUE,,FALSE,
A000230,2021.05.26,BV1eQ4y1R7Q4,,0,250344,,mp4,下雨天,,,,南拳妈妈,"向晚",完整, 汉语,,,TRUE,,FALSE,
A000231,2021.05.26,BV1iK4y1G7oQ,,0,172032,,mp4,失恋阵线联盟,,,,草蜢,"乃琳",完整, 汉语,,,TRUE,,FALSE,
A000232,2021.05.26,BV1iK4y1G7oQ,,0,298656,,mp4,当你老了,,,,赵照,"乃琳",完整, 汉语,,,TRUE,,FALSE,
A000233,2021.05.26,BV1eQ4y1R7Q4,,0,200204,,mp4,找自己,,,,,"向晚",完整, 汉语,merged,,TRUE,,FALSE,
A000234,2021.05.27,BV1HV41177wn,,0,283488,,mp4,月光,,,,金弦,"贝拉",完整, 汉语,,,TRUE,,FALSE,
A000235,2021.05.27,BV1HV41177wn,,0,156960,,mp4,霞光,,,,曲锦楠,"贝拉",完整, 汉语,,,TRUE,,FALSE,
A000236,2021.05.28,BV1pq4y1j7kh,,0,250440,,mp4,倔强,,,,五月天,"乃琳",完整, 汉语,,,TRUE,,FALSE,
A000237,2021.05.28,BV1pq4y1j7kh,,0,54576,,mp4,别看我小,,,,好听动漫,"贝拉,嘉然",完整, 汉语,,,TRUE,,FALSE,
A000238,2021.05.28,BV1pq4y1j7kh,,0,288312,,mp4,北京东路的日子,,,,周骏柏,"向晚,贝拉,乃琳,嘉然",完整, 汉语,,,TRUE,,FALSE,
A000239,2021.05.28,BV1pq4y1j7kh,,0,238176,,mp4,少年,,,,梦然,"向晚,贝拉,乃琳,嘉然",完整, 汉语,,,TRUE,,FALSE,
A000240,2021.05.28,BV1pq4y1j7kh,,0,111408,,mp4,快乐小神仙,,,,,"向晚,贝拉,乃琳,嘉然",完整, 汉语,,,TRUE,,FALSE,
A000241,2021.05.28,BV1pq4y1j7kh,,0,267360,,mp4,明天你好,,,,牛奶咖啡,"嘉然,乃琳",完整, 汉语,,,TRUE,,FALSE,
A000242,2021.05.28,BV1pq4y1j7kh,,0,292032,,mp4,最初的梦想,,,,范玮琪,"向晚,贝拉",完整, 汉语,,,TRUE,,FALSE,
A000243,2021.05.28,BV1pq4y1j7kh,,0,215112,,mp4,最美的期待,,,,周笔畅,"贝拉,乃琳",完整, 汉语,,,TRUE,,FALSE,
A000244,2021.05.29,BV1G5411g7nP,,0,119904,,mp4,白羊,,,,,"向晚,贝拉,乃琳,嘉然",完整, 汉语,,,TRUE,,FALSE,
A000245,2021.05.29,BV1G5411g7nP,,0,206688,,mp4,遇见,,,,孙燕姿,"向晚,贝拉,乃琳,嘉然",完整, 汉语,,,TRUE,,FALSE,
A000246,2021.05.30,BV15U4y1L7em,,0,48504,,mp4,他不爱我,2.0,,,,"向晚,乃琳",完整, 汉语,,,TRUE,,FALSE,
A000247,2021.06.02,BV19f4y1b7y6,,0,248112,,mp4,一直很安静,,,,阿桑,珈乐,完整, 汉语,,,TRUE,,FALSE,
A000248,2021.06.02,BV19f4y1b7y6,,0,233184,,mp4,云烟成雨,5.0,,,房东的猫,珈乐,完整, 汉语,,,TRUE,,FALSE,
A000249,2021.06.02,BV19B4y1u7TC,,0,249120,,mp4,奇妙能力歌,,,,陈粒,乃琳,完整, 汉语,,,TRUE,,FALSE,
A000250,2021.06.02,BV15A41137QS,,0,88752,,mp4,好像掉进爱情海,4.0,,,,向晚,完整, 汉语,,,TRUE,,FALSE,
A000251,2021.06.02,BV19B4y1u7TC,,0,267240,,mp4,小情歌,2.0,,,鱼丁糸,乃琳,完整, 汉语,,,TRUE,,FALSE,
A000252,2021.06.02,BV15A41137QS,,0,147000,,mp4,小跳蛙,,,,青蛙乐队,向晚,完整, 汉语,,,TRUE,,FALSE,
A000253,2021.06.02,BV15A41137QS,,0,75480,,mp4,彩虹的微笑,2.0,,,,向晚,完整, 汉语,,,TRUE,,FALSE,
A000254,2021.06.02,BV15A41137QS,,0,187992,,mp4,摇滚一下吧,,,,,向晚,完整, 汉语,,,TRUE,,FALSE,
A000255,2021.06.02,BV19B4y1u7TC,,0,266352,,mp4,爱就一个字,,,,张信哲,乃琳,完整, 汉语,,,TRUE,,FALSE,
A000256,2021.06.02,BV19B4y1u7TC,,0,210216,,mp4,猪猪侠,,,,陈洁丽,乃琳,完整, 汉语,,,TRUE,,FALSE,
A000257,2021.06.02,BV19f4y1b7y6,,0,267648,,mp4,霓虹甜心,,,,马赛克乐队,珈乐,完整, 汉语,,,TRUE,,FALSE,
A000258,2021.06.02,BV19f4y1b7y6,,0,176472,,mp4,马马嘟嘟骑,2.0,,,斯斯与帆,珈乐,完整, 汉语,,,TRUE,,FALSE,
A000259,2021.06.03,BV1My4y1u7ji,,0,152328,,mp4,小年兽,,,,程嘉敏,嘉然,完整, 汉语,,,TRUE,,FALSE,
A000260,2021.06.04,BV1yb4y1Z7Jx,,0,180000,,mp4,God Is A Girl,,,,Groove Coverage,嘉然,完整, 英语,,,TRUE,,FALSE,
A000261,2021.06.04,BV1yb4y1Z7Jx,,0,190488,,mp4,Super Star,,,,S.H.E,"向晚,乃琳,嘉然",完整, 汉语,,,TRUE,,FALSE,
A000262,2021.06.04,BV1yb4y1Z7Jx,,0,279384,,mp4,一生所爱,,,,"卢冠廷,莫文蔚",乃琳,完整, 汉语,,,TRUE,,FALSE,
A000263,2021.06.04,BV1yb4y1Z7Jx,,0,247488,,mp4,亲爱的那不是爱情,,,,张韶涵,向晚,完整, 汉语,,,TRUE,,FALSE,
A000264,2021.06.04,BV1yb4y1Z7Jx,,0,316200,,mp4,后来,,,,刘若英,"嘉然,乃琳",完整, 汉语,,,TRUE,,FALSE,
A000265,2021.06.04,BV1yb4y1Z7Jx,,0,225792,,mp4,客官不可以,,,,"徐良,小凌","向晚,乃琳",完整, 汉语,,,TRUE,,FALSE,
A000266,2021.06.04,BV1yb4y1Z7Jx,,0,1385568,,mp4,情歌王,,,,,"向晚,贝拉,乃琳,嘉然",完整, 汉语,,,TRUE,,FALSE,
A000267,2021.06.04,BV1yb4y1Z7Jx,,0,168432,,mp4,水母之歌,4.0,,,,"向晚,贝拉,乃琳,嘉然",完整, 汉语,,,TRUE,,FALSE,
A000268,2021.06.04,BV1yb4y1Z7Jx,,0,205776,,mp4,甜蜜蜜,,,,邓丽君,"贝拉,乃琳",完整, 汉语,,,TRUE,,FALSE,
A000269,2021.06.04,BV1yb4y1Z7Jx,,0,298536,,mp4,白狐,,,,陈瑞,"贝拉,乃琳",完整, 汉语,,,TRUE,,FALSE,
A000270,2021.06.04,BV1yb4y1Z7Jx,,0,219984,,mp4,第一次爱的人,,,,王心凌,向晚,完整, 汉语,,,TRUE,,FALSE,
A000271,2021.06.04,BV1yb4y1Z7Jx,,0,207792,,mp4,粉红色的回忆,,,,韩宝仪,贝拉,完整, 汉语,,,TRUE,,FALSE,
A000272,2021.06.04,BV1yb4y1Z7Jx,,0,226560,,mp4,该死的温柔,,,,马天宇,"向晚,贝拉,乃琳,嘉然",完整, 汉语,,,TRUE,,FALSE,
A000273,2021.06.04,BV1yb4y1Z7Jx,,0,171864,,mp4,走过咖啡屋,,,,千百惠,"贝拉,嘉然",完整, 汉语,,,TRUE,,FALSE,
A000274,2021.06.04,BV1yb4y1Z7Jx,,0,119784,,mp4,路边的野花不要采,,,,邓丽君,贝拉,完整, 汉语,,,TRUE,,FALSE,
A000275,2021.06.05,BV1FK4y1377J,,0,249480,,mp4,Scarborough Fair,,,斯卡布罗集市,Sarah Brightman,贝拉,完整, 英语,,,TRUE,,FALSE,
A000276,2021.06.05,BV1FK4y1377J,,0,159936,,mp4,找自己,2.0,,,,"向晚,贝拉,嘉然,乃琳",完整, 汉语,,,TRUE,,FALSE,
A000277,2021.06.06,BV1Dq4y1j7gf,,0,225456,,mp4,Sunshine Girl,,,,沐月 (moumoon),"向晚,贝拉",完整, 英语,,,TRUE,,FALSE,
A000278,2021.06.09,BV1h54y1G7AL,,0,189000,,mp4,Mojito,,,,周杰伦,乃琳,完整, 汉语,,,TRUE,,FALSE,
A000279,2021.06.09,BV1h54y1G7AL,,0,212328,,mp4,声声慢,,,,,乃琳,完整, 汉语,,,TRUE,,FALSE,
A000280,2021.06.09,BV1h54y1G7AL,,0,263064,,mp4,小幸运,,,,田馥甄,乃琳,完整, 汉语,,,TRUE,,FALSE,
A000281,2021.06.12,BV1LK4y197s4,,0,214656,,mp4,Count On Me,,,,Connie Talbot,向晚,完整, 英语,,,TRUE,,FALSE,
A000282,2021.06.12,BV1LK4y197s4,,0,157296,,mp4,Secret Player,,,,,向晚,完整, 汉语,,,TRUE,,FALSE,
A000283,2021.06.12,BV1LK4y197s4,,0,88344,,mp4,To Someone Loves Me,,,,,向晚,完整, 英语,,,TRUE,,FALSE,
A000284,2021.06.12,BV1LK4y197s4,,0,243576,,mp4,ふわふわ時間,2.0,,轻飘飘时间,放課後ティータイム (放学后TEA TIME),向晚,完整, 日语,,,TRUE,,FALSE,
A000285,2021.06.12,BV1LK4y197s4,,0,227856,,mp4,小宇,2.0,,,张震岳,向晚,完整, 汉语,,,TRUE,,FALSE,
A000286,2021.06.12,BV1LK4y197s4,,0,211728,,mp4,平凡天使,,,,G.E.M. 邓紫棋,向晚,完整, 汉语,,,TRUE,,FALSE,
A000287,2021.06.12,BV1LK4y197s4,,0,195960,,mp4,水母之歌,5.0,,,"向晚,嘉然Diana","向晚,嘉然",完整, 汉语,,,TRUE,,FALSE,
A000288,2021.06.13,BV1z5411K7P2,,0,255768,,mp4,但愿人长久,,,,王菲,"向晚,贝拉,嘉然,乃琳",完整, 汉语,,,TRUE,,FALSE,
A000289,2021.06.16,BV1T5411T7PP,,0,104064,,mp4,从头再来,,,,,向晚,完整, 汉语,,,TRUE,,FALSE,
A000290,2021.06.16,BV1LU4y1G7WD,,0,211224,,mp4,告白气球,2.0,,,周杰伦,乃琳,完整, 汉语,,,TRUE,,FALSE,
A000291,2021.06.16,BV1LU4y1G7WD,,0,284304,,mp4,小半,,,,陈粒,乃琳,完整, 汉语,,,TRUE,,FALSE,
A000292,2021.06.16,BV1LU4y1G7WD,,0,138840,,mp4,小跳蛙,,,,青蛙乐队,乃琳,完整, 汉语,,,TRUE,,FALSE,
A000293,2021.06.16,BV1LU4y1G7WD,,0,244824,,mp4,路过人间,,,,郁可唯,乃琳,完整, 汉语,,,TRUE,,FALSE,
A000294,2021.06.17,BV1664y1X7fu,,0,211944,,mp4,大小姐,,,,金莎,嘉然,完整, 汉语,,,TRUE,,FALSE,
A000295,2021.06.17,BV11B4y1M7py,,0,255336,,mp4,欧若拉,,,,张韶涵,贝拉,完整, 汉语,,,TRUE,,FALSE,
A000296,2021.06.17,BV1664y1X7fu,,0,230376,,mp4,靠近一点点,,,,封茗囧菌,嘉然,完整, 汉语,,,TRUE,,FALSE,
A000297,2021.06.18,BV1bq4y1L77P,,0,276168,,mp4,樱花草,,,,Sweety,乃琳,完整, 汉语,,,TRUE,,FALSE,
A000298,2021.06.19,BV1xf4y187GX,,0,143928,,mp4,下个路口见,,,,"余景天,IXFORM-罗一舟,IXFORM-连淮伟,IXFORM-唐九洲","向晚,贝拉,嘉然,乃琳",完整, 汉语,,,TRUE,,FALSE,
A000299,2021.06.19,BV1xf4y187GX,,0,305880,,mp4,女儿情,,,,林俊杰,乃琳,完整, 汉语,,,TRUE,,FALSE,
A000300,2021.06.20,BV195411K7ES,,0,145512,,mp4,阳光男孩阳光女孩,,,,TG4,"贝拉,嘉然,乃琳",完整, 汉语,,,TRUE,,FALSE,
A000301,2021.06.23,BV1Tg41137VY,,0,342768,,mp4,夜空里最亮的星,,,,,向晚,完整, 汉语,,,TRUE,,FALSE,
A000302,2021.06.23,BV1Tg41137VY,,0,248900,,m4a,我是一只鱼,,,,任贤齐,向晚,完整, 汉语,,,TRUE,,FALSE,
A000303,2021.06.23,BV1iX4y1A7nF,,0,260352,,mp4,此生不换,,,,青鸟飞鱼,乃琳,完整, 汉语,,,TRUE,,FALSE,
A000304,2021.06.23,BV1Tg41137VY,,0,256704,,mp4,淡水鱼,,,,黄鲲,向晚,完整, 汉语,,,TRUE,,FALSE,
A000305,2021.06.23,BV1iX4y1A7nF,,0,208056,,mp4,破茧,,,,张韶涵,乃琳,完整, 汉语,,,TRUE,,FALSE,
A000306,2021.06.23,BV1iX4y1A7nF,,0,251304,,mp4,笑红尘,,,,陈淑桦,乃琳,完整, 汉语,,,TRUE,,FALSE,
A000307,2021.06.24,BV1oq4y1L7h4,,0,187152,,mp4,多一点喜欢,,,,王舒,嘉然,完整, 汉语,,,TRUE,,FALSE,
A000308,2021.06.24,BV1oq4y1L7h4,,0,201648,,mp4,恋爱画板,,,,锦零,嘉然,完整, 汉语,,,TRUE,,FALSE,
A000309,2021.06.24,BV1oq4y1L7h4,,0,198696,,mp4,暗恋,,,,"A1 TRIP,xxxmiracle,阿彻",嘉然,完整, 日语,,,TRUE,,FALSE,
A000310,2021.06.25,BV1QU4y1G7D8,,0,1448376,,mp4,夏日动漫大串烧,,,,,"向晚,贝拉,嘉然,乃琳",完整, 汉语,,,TRUE,,FALSE,
A000311,2021.06.25,BV1QU4y1G7D8,,0,268824,,mp4,愛にできることはまだあるかい,,,爱能做到的还有什么,多多poi,向晚,完整, 日语,,,TRUE,,FALSE,
A000312,2021.06.25,BV1QU4y1G7D8,,0,207240,,mp4,海芋恋,,,,刘瑞琦,乃琳,完整, 汉语,,,TRUE,,FALSE,
A000313,2021.06.26,BV1CB4y1K73d,,0,88392,,mp4,月亮船,,,,,"向晚,贝拉,嘉然,乃琳",完整, 汉语,,,TRUE,,FALSE,
A000314,2021.06.30,BV1H54y1p7mv,,0,222363,,mp4,夏天的风,2.0,,,温岚,"向晚,嘉然",完整, 汉语,merged,,TRUE,,FALSE,
A000315,2021.06.30,BV1Eb4y1y7bY,,0,125160,,mp4,奇迹再现,,,,,"贝拉,乃琳",完整, 汉语,,,TRUE,,FALSE,
A000316,2021.06.30,BV1Eb4y1y7bY,,0,283344,,mp4,月弯弯,,,,"王晰,周深","贝拉,乃琳",完整, 汉语,,,TRUE,,FALSE,
A000317,2021.06.30,BV1Eb4y1y7bY,,0,315048,,mp4,水星记,5.0,,,郭顶,"贝拉,乃琳",完整, 汉语,,,TRUE,,FALSE,
A000318,2021.06.30,BV1Eb4y1y7bY,,0,218568,,mp4,酸酸甜甜就是我,,,,张含韵,"贝拉,乃琳",完整, 汉语,,,TRUE,,FALSE,
A000319,2021.07.02,BV1iw411R7ov,,0,204696,,mp4,失眠飞行,,,,莫叫弟弟,"向晚,嘉然",完整, 汉语,,,TRUE,,FALSE,
A000320,2021.07.02,BV1iw411R7ov,,0,250152,,mp4,心愿便利贴,3.0,,,"元若蓝,大Q秉洛","向晚,贝拉,嘉然,乃琳",完整, 汉语,,,TRUE,,FALSE,
A000321,2021.07.02,BV1iw411R7ov,,0,184032,,mp4,浪人琵琶,,,,胡66,乃琳,完整, 汉语,,,TRUE,,FALSE,
A000322,2021.07.02,BV1iw411R7ov,,0,236232,,mp4,烟雨行舟,,,,,乃琳,完整, 汉语,,,TRUE,,FALSE,
A000323,2021.07.02,BV1iw411R7ov,,0,220488,,mp4,遇见你的时候所有星星都落到我头上,,,,高姗,嘉然,完整, 汉语,,,TRUE,,FALSE,
A000324,2021.07.03,BV1uw411Z7mP,,0,209664,,mp4,卡路里,,方言版,,斯外戈,"向晚,贝拉,嘉然,乃琳",完整, 汉语,,,TRUE,,FALSE,
A000325,2021.07.03,BV1uw411Z7mP,,0,159312,,mp4,宁夏,2.0,,,,"向晚,贝拉,嘉然,乃琳",完整, 汉语,,,TRUE,,FALSE,
A000326,2021.07.03,BV1uw411Z7mP,,0,193560,,mp4,热爱105°C的你,,,,阿肆,"向晚,贝拉,嘉然,乃琳",完整, 汉语,,,TRUE,,FALSE,
A000327,2021.07.04,BV1Z64y197DR,,0,254952,,mp4,姐妹,,,,언니동생 (姐妹),"向晚,嘉然,乃琳",完整, 汉语,,,TRUE,,FALSE,
A000328,2021.07.15,BV1Q64y147Dc,,0,164640,,mp4,7％,,,,V.R-,"向晚,乃琳",完整, 汉语,,,TRUE,,FALSE,
A000329,2021.07.15,BV1Q64y147Dc,,0,185280,,mp4,My Heart Will Go On,,,我心永恒,,"向晚,乃琳",完整, 英语,,,TRUE,,FALSE,
A000330,2021.07.15,BV1Q64y147Dc,,0,186840,,mp4,声声慢,2.0,,,小石头和孩子们,"向晚,乃琳",完整, 汉语,,,TRUE,,FALSE,
A000331,2021.07.15,BV1PX4y1A7ga,,0,240672,,mp4,大笨钟,2.0,,,周杰伦,珈乐,完整, 汉语,,,TRUE,,FALSE,
A000332,2021.07.15,BV1Q64y147Dc,,0,137160,,mp4,完美降落,,,,"胡期皓,叶琼琳,董唧唧","向晚,乃琳",完整, 汉语,,,TRUE,,FALSE,
A000333,2021.07.15,BV1PX4y1A7ga,,0,163776,,mp4,爱你在心口难开,,,,高胜美,珈乐,完整, 汉语,,,TRUE,,FALSE,
A000334,2021.07.15,BV1Q64y147Dc,,0,170280,,mp4,粉色苏打,,,,"安全着陆,木秦","向晚,乃琳",完整, 汉语,,,TRUE,,FALSE,
A000335,2021.07.16,BV1Kh411r763,,0,324888,,mp4,Dearest,,,,滨崎步 (浜崎あゆみ),贝拉,完整, 日语,,,TRUE,,FALSE,
A000336,2021.07.16,BV1Kh411r763,,0,218256,,mp4,刀剑如梦,,,,谭维维,贝拉,完整, 汉语,,,TRUE,,FALSE,
A000337,2021.07.16,BV1Kh411r763,,0,308616,,mp4,愛してる,,,,高铃 (Callin'),贝拉,完整, 日语,,,TRUE,,FALSE,
A000338,2021.07.16,BV1Kh411r763,,0,96000,,mp4,我,,,,,珈乐,完整, 汉语,,,TRUE,,FALSE,
A000339,2021.07.16,BV1Kh411r763,,0,281592,,mp4,星の在り処,,,,う～み,贝拉,完整, 日语,,,TRUE,,FALSE,
A000340,2021.07.16,BV1Kh411r763,,0,227304,,mp4,追光者,,,,岑宁儿,珈乐,完整, 汉语,,,TRUE,,FALSE,
A000341,2021.07.16,BV1Kh411r763,,0,223320,,mp4,隐形的翅膀,,,,张韶涵,贝拉,完整, 汉语,,,TRUE,,FALSE,
A000342,2021.07.18,BV1Lw41197AR,,0,213168,,mp4,我的心里只有你没有他,,,,黄小琥,"贝拉,珈乐",完整, 汉语,,,TRUE,,FALSE,
A000343,2021.07.18,BV1Lw41197AR,,0,217704,,mp4,舞娘,,,,"周蕙,林宥嘉","贝拉,珈乐,嘉然",完整, 汉语,,,TRUE,,FALSE,
A000344,2021.07.21,BV1Ty4y1j7Uf,,0,91944,,mp4,保留,,预录,,,珈乐,完整, 汉语,,,TRUE,,FALSE,
A000345,2021.07.21,BV1Ty4y1j7Uf,,0,252144,,mp4,外婆桥,,,,沐络,珈乐,完整, 汉语,,,TRUE,,FALSE,
A000346,2021.07.21,BV19w41197nP,,0,216888,,mp4,多远都要在一起,,,,G.E.M. 邓紫棋,乃琳,完整, 汉语,,,TRUE,,FALSE,
A000347,2021.07.21,BV1Ty4y1j7Uf,,0,192408,,mp4,夜车,,,,葛雨晴,珈乐,完整, 汉语,,,TRUE,,FALSE,
A000348,2021.07.21,BV19w41197nP,,0,238848,,mp4,小永远,2.0,,,何洁,乃琳,完整, 汉语,,,TRUE,,FALSE,
A000349,2021.07.21,BV19w41197nP,,0,178344,,mp4,桥豆麻袋,,,,陈粒,乃琳,完整, 汉语,,,TRUE,,FALSE,
A000350,2021.07.21,BV1Ty4y1j7Uf,,0,278808,,mp4,萱草花,,,,张小斐,珈乐,完整, 汉语,,,TRUE,,FALSE,
A000351,2021.07.22,BV1q54y1E7ft,,0,81528,,mp4,AvAvA与晚羊羊,,,,,"向晚,嘉然",完整, 汉语,,,TRUE,,FALSE,
A000352,2021.07.23,BV1Pf4y1573P,,0,205824,,mp4,海芋恋,2.0,,,刘瑞琦,A-SOUL,完整, 汉语,,,TRUE,,FALSE,
A000353,2021.07.23,,,0,213345,,m4a,海芋恋,3.0,,,刘瑞琦,贝拉,完整, 汉语,,,TRUE,,FALSE,
A000354,2021.07.28,BV1Mw411R7At,,0,144744,,mp4,I Know You Would Come,,,,,向晚,完整, 英语,,,TRUE,,FALSE,
A000355,2021.07.28,BV1Mw411R7At,,0,198600,,mp4,Welcome To Wonderland,,,,Anson Seabra,向晚,完整, 英语,,,TRUE,,FALSE,
A000356,2021.07.28,BV1Mw411R7At,,0,247512,,mp4,世界不会轻易崩塌,,,,"硬糖少女303希林娜依·高,陈倩楠,黄恩茹,硬糖少女303王艺瑾",向晚,完整, 汉语,,,TRUE,,FALSE,
A000357,2021.07.28,BV1z341167Bt,,0,221280,,mp4,可能否,,,,木小雅,乃琳,完整, 汉语,,,TRUE,,FALSE,
A000358,2021.07.28,BV1z341167Bt,,0,237024,,mp4,暖暖,2.0,,,梁静茹,乃琳,完整, 汉语,,,TRUE,,FALSE,
A000359,2021.07.28,BV1Mw411R7At,,0,146256,,mp4,游戏继续,,,,Chinese Football,向晚,完整, 汉语,,,TRUE,,FALSE,
A000360,2021.07.28,BV1z341167Bt,,0,217080,,mp4,爱你,4.0,,,G.E.M. 邓紫棋,乃琳,完整, 汉语,,,TRUE,,FALSE,
A000361,2021.07.28,BV1Mw411R7At,,0,158952,,mp4,花房姑娘,,,,魏语诺,向晚,完整, 汉语,,,TRUE,,FALSE,
A000362,2021.07.29,BV1EL411p7Ro,,0,213960,,mp4,Don't Worry Be Happy,,,,Holly Dolly,嘉然,完整, 英语,,,TRUE,,FALSE,
A000363,2021.07.29,BV1EL411p7Ro,,0,215472,,mp4,Kiss Me,,,,Sixpence None The Richer,嘉然,完整, 汉语,,,TRUE,,FALSE,
A000364,2021.07.29,BV1EL411p7Ro,,0,167064,,mp4,每一句都很甜,,,,"新乐尘符,李思雨",嘉然,完整, 汉语,,,TRUE,,FALSE,
A000365,2021.07.29,BV1F64y1B7j4,,0,68760,,mp4,生日快乐歌,,小黄人ver.,,华语群星,贝拉,完整, 汉语,,,TRUE,,FALSE,
A000366,2021.07.29,BV1F64y1B7j4,,0,42480,,mp4,Hello、How Do You Do,,,,,贝拉,完整, 英语,,,TRUE,,FALSE,
A000367,2021.07.30,BV1Tb4y1z7zC,,0,239904,,mp4,你的眼睛像星星,,,,"郭正正,老圈C","向晚,乃琳",完整, 汉语,,,TRUE,,FALSE,
A000368,2021.07.30,BV1Tb4y1z7zC,,0,244536,,mp4,北极星的眼泪,,,,张栋梁,贝拉,完整, 汉语,,,TRUE,,FALSE,
A000369,2021.07.30,BV1Tb4y1z7zC,,0,185280,,mp4,夏天,,,,刘瑞琦,向晚,完整, 汉语,,,TRUE,,FALSE,
A000370,2021.07.30,BV1Tb4y1z7zC,,0,317208,,mp4,想你的365天,,,,CoCo李玟,贝拉,完整, 汉语,,,TRUE,,FALSE,
A000371,2021.07.30,BV1Tb4y1z7zC,,0,231744,,mp4,羞答答的玫瑰静悄悄地开,2.0,,,孟庭苇,乃琳,完整, 汉语,,,TRUE,,FALSE,
A000372,2021.07.30,BV1Tb4y1z7zC,,0,222432,,mp4,路灯下的小姑娘,,,,"贾玲,沈腾,张小斐",珈乐,完整, 汉语,,,TRUE,,FALSE,
A000373,2021.07.30,BV1Tb4y1z7zC,,0,243024,,mp4,远走高飞,,,,金志文,嘉然,完整, 汉语,,,TRUE,,FALSE,
A000374,2021.07.30,BV1Tb4y1z7zC,,0,213648,,mp4,骑士精神,,,,"迪丽热巴,华晨宇",珈乐,完整, 汉语,,,TRUE,,FALSE,
A000375,2021.07.31,BV1tQ4y1f7UZ,,0,234312,,mp4,勇气,3.0,,,棉子,A-SOUL,完整, 汉语,,,TRUE,,FALSE,
A000376,2021.07.31,BV1tQ4y1f7UZ,,0,54312,,mp4,摇滚一下吧,2.0,,,,A-SOUL,完整, 汉语,,,TRUE,,FALSE,
A000377,2021.08.04,BV1eQ4y1f7rN,,0,289560,,mp4,I Believe,,,,申升勋 (신승훈),珈乐,完整, 汉语,,,TRUE,,FALSE,
A000378,2021.08.04,BV1k44y117Y1,,0,72792,,mp4,Ring Ring Ring,,,,,向晚,完整, 汉语,,,TRUE,,FALSE,
A000379,2021.08.04,BV1k44y117Y1,,0,115920,,mp4,光,,,,,向晚,完整, 汉语,,,TRUE,,FALSE,
A000380,2021.08.04,BV1eQ4y1f7rN,,0,211224,,mp4,历历万乡,,,,陈粒,珈乐,完整, 汉语,,,TRUE,,FALSE,
A000381,2021.08.04,BV1k44y117Y1,,0,235056,,mp4,姗姗,,,,金玟岐,向晚,完整, 日语,,,TRUE,,FALSE,
A000382,2021.08.04,BV1k44y117Y1,,0,108816,,mp4,心愿便利贴,4.0,,,,向晚,完整, 汉语,,,TRUE,,FALSE,
A000383,2021.08.04,BV1eQ4y1f7rN,,0,259704,,mp4,我,,完整版,,蔡依林,珈乐,完整, 汉语,,,TRUE,,FALSE,
A000384,2021.08.04,BV1k44y117Y1,,0,83640,,mp4,鸽子,4.0,,,,向晚,完整, 汉语,,,TRUE,,FALSE,
A000385,2021.08.05,BV13M4y1K7Cu,,0,191352,,mp4,我和你,,,,皮卡丘多多,嘉然,完整, 汉语,,,TRUE,,FALSE,
A000386,2021.08.05,BV13M4y1K7Cu,,0,272592,,mp4,有可能的夜晚,,,,莫籽,嘉然,完整, 汉语,,,TRUE,,FALSE,
A000387,2021.08.05,BV13M4y1K7Cu,,0,214032,,mp4,猪猪侠,,,,陈洁丽,嘉然,完整, 汉语,,,TRUE,,FALSE,
A000388,2021.08.06,BV1C3411r7LA,,0,208272,,mp4,Lover Boy 88,,,,"Phum Viphurit,Higher Brothers","向晚,贝拉,嘉然",完整, 汉语,,,TRUE,,FALSE,
A000389,2021.08.08,BV1oo4y1S7iP,,0,148968,,mp4,City Of Stars,,,,"Ryan Gosling,Emma Stone",乃琳,完整, 英语,,,TRUE,,FALSE,
A000390,2021.08.08,BV1oo4y1S7iP,,0,208152,,mp4,The Legend Of Ashitaka,,,,,乃琳,完整, 日语,,,TRUE,,FALSE,
A000391,2021.08.08,BV1oo4y1S7iP,,0,245424,,mp4,克卜勒,,,,孙燕姿,乃琳,完整, 汉语,,,TRUE,,FALSE,
A000392,2021.08.08,BV1oo4y1S7iP,,0,189912,,mp4,快乐星猫,,,,牛奶咖啡,乃琳,完整, 汉语,,,TRUE,,FALSE,
A000393,2021.08.08,BV1oo4y1S7iP,,0,245688,,mp4,我的秘密,,,,G.E.M. 邓紫棋,乃琳,完整, 汉语,,,TRUE,,FALSE,
A000394,2021.08.08,BV1oo4y1S7iP,,0,131088,,mp4,梨花颂,,,,,乃琳,完整, 汉语,,,TRUE,,FALSE,
A000395,2021.08.08,BV1oo4y1S7iP,,0,240408,,mp4,渡月橋～君想ふ～,,,,仓木麻衣 (くらき まい),乃琳,完整, 日语,,,TRUE,,FALSE,
A000396,2021.08.08,BV1oo4y1S7iP,,0,236256,,mp4,红玫瑰,,,,陈奕迅,乃琳,完整, 汉语,,,TRUE,,FALSE,
A000397,2021.08.08,BV1oo4y1S7iP,,0,286800,,mp4,逆光,,,,孙燕姿,乃琳,完整, 汉语,,,TRUE,,FALSE,
A000398,2021.08.08,BV1oo4y1S7iP,,0,290184,,, 醉,,,,,乃琳,完整, 汉语,,,FALSE,,FALSE,
A000399,2021.08.08,BV1oo4y1S7iP,,0,221736,,mp4,陪我长大,,,,段奥娟,"向晚,贝拉,珈乐,嘉然",完整, 汉语,,,TRUE,,FALSE,
A000400,2021.08.11,BV1fL4y1Y7ie,,0,76392,,mp4,Baby,,,,,"向晚,贝拉",完整, 英语,,,TRUE,,FALSE,
A000401,2021.08.11,BV1fL4y1Y7ie,,0,46848,,mp4,Lucky,,,,,"向晚,贝拉",完整, 英语,,,TRUE,,FALSE,
A000402,2021.08.11,BV1rb4y1U7YL,,0,288096,,mp4,依兰爱情故事,,,,方磊,"珈乐,乃琳",完整, 汉语,,,TRUE,,FALSE,
A000403,2021.08.11,BV1rb4y1U7YL,,0,205824,,mp4,大笑江湖,,,,小沈阳,"珈乐,乃琳",完整, 汉语,,,TRUE,,FALSE,
A000404,2021.08.11,BV1rb4y1U7YL,,0,281160,,mp4,张三的歌,,,,蔡琴,"珈乐,乃琳",完整, 汉语,,,TRUE,,FALSE,
A000405,2021.08.11,BV1fL4y1Y7ie,,0,205992,,mp4,橘子汽水,,,,南拳妈妈,"向晚,贝拉",完整, 汉语,,,TRUE,,FALSE,
A000406,2021.08.11,BV1fL4y1Y7ie,,0,80352,,mp4,猪之歌,2.0,,,,"向晚,贝拉",完整, 汉语,,,TRUE,,FALSE,
A000407,2021.08.11,BV1fL4y1Y7ie,,0,197208,,mp4,猪之歌,,,,香香,"向晚,贝拉",完整, 汉语,,,TRUE,,FALSE,
A000408,2021.08.11,BV1rb4y1U7YL,,0,242280,,mp4,贝加尔湖畔,,,,李健,"珈乐,乃琳",完整, 汉语,,,TRUE,,FALSE,
A000409,2021.08.12,BV1f64y1i7Mv,,0,202848,,mp4,きみにとどけ,,,好想告诉你,谷泽智文 (たにざわ ともふみ),嘉然,完整, 日语,,,TRUE,,FALSE,
A000410,2021.08.12,BV1f64y1i7Mv,,0,262152,,mp4,不可思议,4.0,,,金莎,嘉然,完整, 汉语,,,TRUE,,FALSE,
A000411,2021.08.12,BV1f64y1i7Mv,,0,184872,,mp4,多一点喜欢,2.0,,,王舒,嘉然,完整, 汉语,,,TRUE,,FALSE,
A000412,2021.08.12,BV1f64y1i7Mv,,0,138576,,mp4,猫中毒,,,,嘉然Diana,嘉然,完整, 日语,,,TRUE,,FALSE,
A000413,2021.08.13,BV14q4y1S7Tz,,0,249240,,mp4,START DASH!,,,,μ's (缪斯),向晚,完整, 日语,,,TRUE,,FALSE,
A000414,2021.08.14,BV1mv411P7Vz,,0,49776,,mp4,夏天,,片段弹唱,,王玉萌,向晚,完整, 汉语,,,TRUE,,FALSE,
A000415,2021.08.14,BV1mv411P7Vz,,0,241080,,mp4,小宇,3.0,,,张震岳,向晚,完整, 汉语,,,TRUE,,FALSE,
A000416,2021.08.14,BV1mv411P7Vz,,0,196176,,mp4,当我们一起走过,,,,,向晚,完整, 汉语,,,TRUE,,FALSE,
A000417,2021.08.14,BV1mv411P7Vz,,0,194712,,mp4,我多喜欢你，你会知道,,,,王俊琪,贝拉,完整, 汉语,,,TRUE,,FALSE,
A000418,2021.08.14,BV1mv411P7Vz,,0,137520,,mp4,晴天,,,,,向晚,完整, 汉语,,,TRUE,,FALSE,
A000419,2021.08.14,BV1mv411P7Vz,,0,218352,,mp4,温柔,2.0,,,,向晚,完整, 汉语,,,TRUE,,FALSE,
A000420,2021.08.14,BV1mv411P7Vz,,0,84312,,mp4,爱你,,学唱版,,,珈乐,完整, 汉语,,,TRUE,,FALSE,
A000421,2021.08.14,BV1mv411P7Vz,,0,220176,,mp4,繁花,,,,董真,乃琳,完整, 汉语,,,TRUE,,FALSE,
A000422,2021.08.14,BV1mv411P7Vz,,0,212976,,mp4,红色高跟鞋,2.0,,,蔡健雅,珈乐,完整, 汉语,,,TRUE,,FALSE,
A000423,2021.08.14,BV1mv411P7Vz,,0,273096,,mp4,金风玉露·夜语迟,,,,,乃琳,完整, 汉语,,,TRUE,,FALSE,
A000424,2021.08.14,BV1mv411P7Vz,,0,222264,,mp4,鹊桥汇,,,,花儿乐队,A-SOUL,完整, 汉语,,,TRUE,,FALSE,
A000425,2021.08.14,BV1mv411P7Vz,,0,210240,,mp4,麋鹿森林,2.0,,,一口甜,嘉然,完整, 汉语,,,TRUE,,FALSE,
A000426,2021.08.18,BV1Yq4y1M7jH,,0,178008,,mp4,Love Story,,,,栗卡卡,向晚,完整, 英语,,,TRUE,,FALSE,
A000427,2021.08.18,BV1GQ4y1m77N,,0,228984,,mp4,Marry You,,,,Bruno Mars,乃琳,完整, 英语,,,TRUE,,FALSE,
A000428,2021.08.18,BV1GQ4y1m77N,,0,215640,,mp4,Ring Ring Ring,,,,S.H.E,乃琳,完整, 日语,,,TRUE,,FALSE,
A000429,2021.08.18,BV1GQ4y1m77N,,0,246504,,mp4,不完美小孩,,,,TFBOYS,乃琳,完整, 汉语,,,TRUE,,FALSE,
A000430,2021.08.18,BV1Yq4y1M7jH,,0,254088,,mp4,君がいない夏,,,没有你的夏天,DEEN,向晚,完整, 日语,,,TRUE,,FALSE,
A000431,2021.08.18,BV1GQ4y1m77N,,0,244464,,mp4,夏天的风,2.0,,,温岚,乃琳,完整, 汉语,,,TRUE,,FALSE,
A000432,2021.08.18,BV1Yq4y1M7jH,,0,212472,,mp4,夏天的风,3.0,,,火羊瞌睡了,向晚,完整, 汉语,,,TRUE,,FALSE,
A000433,2021.08.18,BV1GQ4y1m77N,,0,121608,,mp4,小幸运,2.0,粉丝钢伴,,,乃琳,完整, 汉语,,,TRUE,,FALSE,
A000434,2021.08.18,BV14q4y1M7FN,,0,256464,,mp4,所有人都在玩手机,,,,马赛克乐队,珈乐,完整, 汉语,,,TRUE,,FALSE,
A000435,2021.08.18,BV1Yq4y1M7jH,,0,175368,,mp4,爱夏,,,,月华流霜,向晚,完整, 汉语,,,TRUE,,FALSE,
A000436,2021.08.18,BV1Yq4y1M7jH,,0,147264,,mp4,被风吹过的夏天,,,,"宋茜,周觅",向晚,完整, 汉语,,,TRUE,,FALSE,
A000437,2021.08.19,BV1Pb4y1S7zd,,0,205416,,mp4,Milk And Cookies,,,,Melanie Martinez,贝拉,完整, 英语,,,TRUE,,FALSE,
A000438,2021.08.19,BV1eA411A73H,,0,113232,,mp4,あったかいんだからぁ,,,正因为微暖,十九遥,嘉然,完整, 日语,,,TRUE,,FALSE,
A000439,2021.08.19,BV1Pb4y1S7zd,,0,363936,,mp4,アメフラシの歌～Beautiful Rain～,,,祈雨之歌,前田玲奈 (まえだ れな),贝拉,完整, 日语,,,TRUE,,FALSE,
A000440,2021.08.19,BV1Pb4y1S7zd,,0,301584,,mp4,奈落の花,,,,島みやえい子 (岛宫荣子),贝拉,完整, 日语,,,TRUE,,FALSE,
A000441,2021.08.19,BV1eA411A73H,,0,179328,,mp4,好像掉进爱情海里,4.0,,,南偿,嘉然,完整, 汉语,,,TRUE,,FALSE,
A000442,2021.08.19,BV1Pb4y1S7zd,,0,235416,,mp4,雨の庭,,,,长泽陵川,贝拉,完整, 日语,,,TRUE,,FALSE,
A000443,2021.08.20,BV1Eq4y1M7e7,,0,215040,,mp4,美丽新世界,,,,"王力宏,羽泉",A-SOUL,完整, 汉语,,,TRUE,,FALSE,
A000444,2021.08.21,BV1vf4y1P7B6,,0,277080,,mp4,Fish In The Pool,,,,ヘクとパスカル,贝拉,完整, 英语,,,TRUE,,FALSE,
A000445,2021.08.21,BV1vf4y1P7B6,,0,279264,,mp4,一生所爱,2.0,,,"卢冠廷,莫文蔚",乃琳,完整, 汉语,,,TRUE,,FALSE,
A000446,2021.08.21,BV1vf4y1P7B6,,0,248976,,mp4,奇妙能力歌,2.0,,,陈粒,乃琳,完整, 汉语,,,TRUE,,FALSE,
A000447,2021.08.21,BV1vf4y1P7B6,,0,272400,,mp4,爱的就是你,,,,刘佳,向晚,完整, 汉语,,,TRUE,,FALSE,
A000448,2021.08.21,BV1vf4y1P7B6,,0,303768,,mp4,男孩别哭,,,,海龟先生,珈乐,完整, 汉语,,,TRUE,,FALSE,
A000449,2021.08.21,BV1vf4y1P7B6,,0,206616,,mp4,靠近一点点,2.0,,,Lara梁心颐,嘉然,完整, 汉语,,,TRUE,,FALSE,
A000450,2021.08.22,BV1Gq4y1u7j6,,0,188952,,mp4,放生,,,,,"向晚,乃琳",完整, 汉语,,,TRUE,,FALSE,
A000451,2021.08.25,BV1h44y1k73u,,0,251496,,mp4,Susan说,,,,陶喆,珈乐,完整, 汉语,,,TRUE,,FALSE,
A000452,2021.08.25,BV1h44y1k73u,,0,246432,,mp4,张三的歌,2.0,,,李寿全,珈乐,完整, 汉语,,,TRUE,,FALSE,
A000453,2021.08.25,BV1jP4y1p7hc,,0,222360,,mp4,星空剪影,,,,张碧晨,乃琳,完整, 汉语,,,TRUE,,FALSE,
A000454,2021.08.25,BV1h44y1k73u,,0,212040,,mp4,理想三旬,2.0,,,陈鸿宇,珈乐,完整, 汉语,,,TRUE,,FALSE,
A000455,2021.08.25,BV1jP4y1p7hc,,0,210312,,mp4,给女孩,,,,李宇春,乃琳,完整, 汉语,,,TRUE,,FALSE,
A000456,2021.08.26,BV1BQ4y1Y7dk,,0,260136,,mp4,中华美食颂,,,,"汐音社,以冬,云の泣,Tacke竹桑",贝拉,完整, 汉语,,,TRUE,,FALSE,
A000457,2021.08.26,BV16Q4y1Y7Ex,,0,216216,,mp4,兜风,,,,"苏志燮,Younha",嘉然,完整, 汉语,,,TRUE,,FALSE,
A000458,2021.08.26,BV16Q4y1Y7Ex,,0,203448,,mp4,我喜欢上你时的内心活动,,,,陈绮贞,嘉然,完整, 汉语,,,TRUE,,FALSE,
A000459,2021.08.26,BV16Q4y1Y7Ex,,0,236520,,mp4,最近好吗,,,,张韶涵,嘉然,完整, 汉语,,,TRUE,,FALSE,
A000460,2021.08.26,BV16Q4y1Y7Ex,,0,182664,,mp4,甜夜,,,,很美味,嘉然,完整, 日语,,,TRUE,,FALSE,
A000461,2021.08.27,BV1Yf4y1N7Ay,,0,253200,,mp4,求佛,,,,王恰恰,珈乐,完整, 汉语,,,TRUE,,FALSE,
A000462,2021.08.27,BV1Yf4y1N7Ay,,0,222120,,mp4,火红的萨日朗,,,,要不要买菜,乃琳,完整, 汉语,,,TRUE,,FALSE,
A000463,2021.08.27,BV1Yf4y1N7Ay,,0,197736,,mp4,穷开心,,,,花儿乐队,乃琳,完整, 汉语,,,TRUE,,FALSE,
A000464,2021.08.27,BV1Yf4y1N7Ay,,0,145248,,mp4,蜜雪冰城,,,,蜜雪冰城,嘉然,完整, 汉语,,,TRUE,,FALSE,
A000465,2021.08.28,BV1Ub4y1m78A,,0,227208,,mp4,Da Da Da,,,,Tanir & Tyomcha,A-SOUL,完整, 汉语,,,TRUE,,FALSE,
A000466,2021.08.28,BV1Ub4y1m78A,,0,140424,,mp4,Hopeful Dreamer,2.0,,,,"向晚,嘉然",完整, 汉语,,,TRUE,,FALSE,
A000467,2021.08.28,BV1Ub4y1m78A,,0,67824,,mp4,小拜年,,,,韩宝仪,"向晚,珈乐",完整, 汉语,,,TRUE,,FALSE,
A000468,2021.08.28,BV1Ub4y1m78A,,0,121104,,mp4,水母之歌,6.0,,,,向晚,完整, 汉语,,,TRUE,,FALSE,
A000469,2021.09.01,BV1kv411A7yu,,0,235416,,mp4,Love Story,2.0,,,Taylor Swift,向晚,完整, 英语,,,TRUE,,FALSE,
A000470,2021.09.01,BV1kv411A7yu,,0,250896,,mp4,New Boy,,,,房东的猫,向晚,完整, 汉语,,,TRUE,,FALSE,
A000471,2021.09.01,BV1kv411A7yu,,0,166752,,mp4,咚咚,,,,,向晚,完整, 日语,,,TRUE,,FALSE,
A000472,2021.09.01,BV1WQ4y1h778,,0,193848,,mp4,夜来香,,,,邓丽君,珈乐,完整, 汉语,,,TRUE,,FALSE,
A000473,2021.09.02,BV12Q4y1C7G9,,0,197712,,mp4,Lucky,2.0,,,"Jason Mraz,Colbie Caillat",贝拉,完整, 英语,,,TRUE,,FALSE,
A000474,2021.09.02,BV12Q4y1C7G9,,0,235728,,mp4,魔鬼中的天使,,,,田馥甄,贝拉,完整, 汉语,,,TRUE,,FALSE,
A000475,2021.09.03,BV1LU4y1P7JW,,0,134160,,mp4,Do Re Mi,,,,,"向晚,贝拉,嘉然",完整, 英语,,,TRUE,,FALSE,
A000476,2021.09.03,BV1LU4y1P7JW,,0,179184,,mp4,七月上,,,,Jam,"珈乐,乃琳",完整, 汉语,,,TRUE,,FALSE,
A000477,2021.09.03,BV1LU4y1P7JW,,0,279984,,mp4,可惜不是你,,,,梁静茹,"贝拉,乃琳",完整, 汉语,,,TRUE,,FALSE,
A000478,2021.09.03,BV1LU4y1P7JW,,0,294120,,mp4,在水一方,,,,李健,"珈乐,乃琳",完整, 汉语,,,TRUE,,FALSE,
A000479,2021.09.03,BV1LU4y1P7JW,,0,203232,,mp4,学猫叫,,,,"小潘潘（潘柚彤）,小峰峰（陈峰）","向晚,嘉然,乃琳",完整, 汉语,,,TRUE,,FALSE,
A000480,2021.09.03,BV1LU4y1P7JW,,0,168480,,mp4,彩虹的微笑,3.0,,,王心凌,A-SOUL,完整, 汉语,,,TRUE,,FALSE,
A000481,2021.09.03,BV1LU4y1P7JW,,0,139920,,mp4,想去海边,,,,TF家族三代练习生,"向晚,珈乐",完整, 汉语,,,TRUE,,FALSE,
A000482,2021.09.03,BV1LU4y1P7JW,,0,253392,,mp4,烟雨行舟,2.0,,,司南,"嘉然,乃琳",完整, 汉语,,,TRUE,,FALSE,
A000483,2021.09.04,BV1c34y1Q728,,0,196416,,mp4,改变自己,,,,王力宏,A-SOUL,完整, 汉语,,,TRUE,,FALSE,
A000484,2021.09.05,BV1dP4y1a7gF,,0,168480,,mp4,五环之歌,,,,"岳云鹏,MC HotDog 热狗","向晚,贝拉,嘉然,乃琳",完整, 汉语,,,TRUE,,FALSE,
A000485,2021.09.08,BV1iM4y1G73U,,0,106680,,mp4,Butterfly,,,,Deep House,向晚,完整, 日语,,,TRUE,,FALSE,
A000486,2021.09.08,BV1Fg41157rn,,0,265584,,mp4,化身孤岛的鲸,,,,周深,乃琳,完整, 汉语,,,TRUE,,FALSE,
A000487,2021.09.08,BV1sL411x7a5,,0,262680,,mp4,多想在平庸的生活拥抱你,,,,隔壁老樊,珈乐,完整, 汉语,,,TRUE,,FALSE,
A000488,2021.09.08,BV1Fg41157rn,,0,244392,,mp4,小手拉大手,4.0,,,梁静茹,乃琳,完整, 汉语,,,TRUE,,FALSE,
A000489,2021.09.08,BV1Fg41157rn,,0,154392,,mp4,我要你,2.0,,,任素汐,乃琳,完整, 汉语,,,TRUE,,FALSE,
A000490,2021.09.08,BV1sL411x7a5,,0,308016,,mp4,我要你,5.0,,,张杰,珈乐,完整, 汉语,,,TRUE,,FALSE,
A000491,2021.09.08,BV1Fg41157rn,,0,316104,,mp4,水星记,6.0,,,郭顶,乃琳,完整, 汉语,,,TRUE,,FALSE,
A000492,2021.09.08,BV1iM4y1G73U,,0,219672,,mp4,水母之歌,7.0,,,,向晚,完整, 汉语,,,TRUE,,FALSE,
A000493,2021.09.09,BV1uv411w71p,,0,156312,,mp4,咖喱咖喱,,,,牛奶咖啡,嘉然,完整, 汉语,,,TRUE,,FALSE,
A000494,2021.09.09,BV1uv411w71p,,0,186264,,mp4,我在人民广场吃炸鸡,,,,宝藏挖掘机,嘉然,完整, 汉语,,,TRUE,,FALSE,
A000495,2021.09.10,BV1aM4y1G7QA,,0,249696,,mp4,Plastic Love,,,,"Night Tempo,竹内まりや",向晚,完整, 日语,,,TRUE,,FALSE,
A000496,2021.09.10,BV1aM4y1G7QA,,0,302040,,mp4,仙儿,,,,二手玫瑰乐队,"珈乐,乃琳",完整, 汉语,,,TRUE,,FALSE,
A000497,2021.09.10,BV1aM4y1G7QA,,0,321312,,mp4,想你的365天,2.0,,,CoCo李玟,贝拉,完整, 汉语,,,TRUE,,FALSE,
A000498,2021.09.10,BV1aM4y1G7QA,,0,282504,,mp4,樱花草,2.0,,,Sweety,A-SOUL,完整, 汉语,,,TRUE,,FALSE,
A000499,2021.09.10,BV1aM4y1G7QA,,0,281016,,mp4,这世界那么多人,,,,莫文蔚,乃琳,完整, 汉语,,,TRUE,,FALSE,
A000500,2021.09.11,BV1Kf4y1P7cg,,0,117480,,mp4,恐怖童谣,,,,,A-SOUL,完整, 汉语,,,TRUE,,FALSE,
A000501,2021.09.11,BV1Kf4y1P7cg,,0,174000,,mp4,通天大道宽又阔,,,,"崔京浩,三叶草演唱组",A-SOUL,完整, 汉语,,,TRUE,,FALSE,
A000502,2021.09.15,BV16q4y1f7EJ,,0,110232,,mp4,To Someone Loves Me,2.0,,,,向晚,完整, 英语,,,TRUE,,FALSE,
A000503,2021.09.15,BV1yb4y127L5,,0,201528,,mp4,一万个舍不得,,,,"庄心妍,祁隆",乃琳,完整, 汉语,,,TRUE,,FALSE,
A000504,2021.09.15,BV1yb4y127L5,,0,277680,,mp4,一荤一素,,,,Assen捷,乃琳,完整, 汉语,,,TRUE,,FALSE,
A000505,2021.09.15,BV16q4y1f7EJ,,0,179424,,mp4,咚咚,2.0,,,,向晚,完整, 汉语,,,TRUE,,FALSE,
A000506,2021.09.15,BV1VU4y1N7h5,,0,163368,,mp4,回家,,卡祖笛,,,珈乐,完整, 汉语,,,TRUE,,FALSE,
A000507,2021.09.15,BV1yb4y127L5,,0,274854,,m4a,平凡的一天,,修复,,毛不易,乃琳,完整, 汉语,,,TRUE,,FALSE,
A000508,2021.09.15,BV16q4y1f7EJ,,0,169200,,mp4,摇滚一下吧,2.0,,,,向晚,完整, 汉语,,,TRUE,,FALSE,
A000509,2021.09.15,BV16q4y1f7EJ,,0,217944,,mp4,水母之歌,,最终版,,,向晚,完整, 汉语,,,TRUE,,FALSE,
A000510,2021.09.15,BV16q4y1f7EJ,,0,75288,,mp4,海龟之歌,2.0,,,,向晚,完整, 汉语,,,TRUE,,FALSE,
A000511,2021.09.15,BV1yb4y127L5,,0,190056,,mp4,爱的魔法,2.0,,,金莎,乃琳,完整, 汉语,,,TRUE,,FALSE,
A000512,2021.09.15,BV1VU4y1N7h5,,0,393744,,mp4,秋意浓,,,,张学友,珈乐,完整, 汉语,,,TRUE,,FALSE,
A000513,2021.09.15,BV1yb4y127L5,,0,270192,,mp4,至少还有你,,,,林忆莲,乃琳,完整, 汉语,,,TRUE,,FALSE,
A000514,2021.09.15,BV1yb4y127L5,,0,220200,,mp4,莫名其妙爱上你,,,,朱主爱,乃琳,完整, 汉语,,,TRUE,,FALSE,
A000515,2021.09.15,BV1yb4y127L5,,0,203184,,mp4,酒醉的蝴蝶,,,,崔伟立,乃琳,完整, 汉语,,,TRUE,,FALSE,
A000516,2021.09.15,BV16q4y1f7EJ,,0,189000,,mp4,静止,,,,花儿乐队,向晚,完整, 汉语,,,TRUE,,FALSE,
A000517,2021.09.15,BV1VU4y1N7h5,,0,245520,,mp4,风吹麦浪,,,,李健,珈乐,完整, 汉语,,,TRUE,,FALSE,
A000518,2021.09.15,BV1VU4y1N7h5,,0,292728,,mp4,飞鸟和蝉,2.0,,,任然,珈乐,完整, 汉语,,,TRUE,,FALSE,
A000519,2021.09.16,BV17L411x7fU,,0,62040,,mp4,三只小熊,,,,키즈클럽,嘉然,完整, 汉语,,,TRUE,,FALSE,
A000520,2021.09.16,BV1Pf4y1w7eF,,0,245472,,mp4,我相信,,,,杨培安,贝拉,完整, 汉语,,,TRUE,,FALSE,
A000521,2021.09.16,BV17L411x7fU,,0,93720,,mp4,爸爸妈妈去上班我去幼儿园,,,,哈利唱儿歌,嘉然,完整, 汉语,,,TRUE,,FALSE,
A000522,2021.09.17,BV1j44y1b7oW,,0,227016,,mp4,梁山伯与茱丽叶,,,,"卓文萱,曹格","贝拉,乃琳",完整, 汉语,,,TRUE,,FALSE,
A000523,2021.09.20,BV1dv411w7ZT,,0,217104,,mp4,私奔到月球,,,,"五月天,陈绮贞",A-SOUL,完整, 汉语,,,TRUE,,FALSE,
A000524,2021.09.21,BV1yU4y1A75q,,0,192600,,mp4,123我爱你,,,,新乐尘符,"嘉然,珈乐",完整, 汉语,,,TRUE,,FALSE,
A000525,2021.09.21,BV1yU4y1A75q,,0,229704,,mp4,一笑倾城,,,,汪苏泷,"嘉然,乃琳",完整, 汉语,,,TRUE,,FALSE,
A000526,2021.09.21,BV1yU4y1A75q,,0,242400,,mp4,何必诗债换酒钱,,,,"流仙,丁丁RaJor,佑可猫,迟意",贝拉,完整, 汉语,,,TRUE,,FALSE,
A000527,2021.09.21,BV1yU4y1A75q,,0,207672,,mp4,只对你有感觉,,,,"Lil Ghost小鬼,吴宣仪,王子异","珈乐,乃琳",完整, 汉语,,,TRUE,,FALSE,
A000528,2021.09.21,BV1yU4y1A75q,,0,242352,,mp4,小酒窝,,,,林俊杰,"向晚,乃琳",完整, 汉语,,,TRUE,,FALSE,
A000529,2021.09.21,BV1yU4y1A75q,,0,76704,,mp4,开心往前飞,,,,VIVI,"向晚,贝拉",完整, 汉语,,,TRUE,,FALSE,
A000530,2021.09.21,BV1yU4y1A75q,,0,236208,,mp4,月亮之上,,,,凤凰传奇,A-SOUL,完整, 汉语,,,TRUE,,FALSE,
A000531,2021.09.21,BV1yU4y1A75q,,0,233424,,mp4,月光,,,,王心凌,向晚,完整, 汉语,,,TRUE,,FALSE,
A000532,2021.09.21,BV1yU4y1A75q,,0,172464,,mp4,空山新雨后,,,,"音阙诗听,锦零","嘉然,乃琳",完整, 汉语,,,TRUE,,FALSE,
A000533,2021.09.21,BV1yU4y1A75q,,0,175896,,mp4,青城山下白素贞,,,,,"嘉然,珈乐",完整, 汉语,,,TRUE,,FALSE,
A000534,2021.09.24,BV11L4y187z1,,0,250248,,mp4,年少有为,,,,李荣浩,珈乐,完整, 汉语,,,TRUE,,FALSE,
A000535,2021.09.24,BV11L4y187z1,,0,181824,,mp4,无价之姐,,,,李宇春,嘉然,完整, 汉语,,,TRUE,,FALSE,
A000536,2021.09.24,BV11L4y187z1,,0,198168,,mp4,猪之歌,3.0,,,香香,贝拉,完整, 汉语,,,TRUE,,FALSE,
A000537,2021.09.24,BV11L4y187z1,,0,129360,,mp4,痴情玫瑰花,,,,,向晚,完整, 汉语,,,TRUE,,FALSE,
A000538,2021.09.24,BV11L4y187z1,,0,249024,,mp4,给我一首歌的时间,,,,周杰伦,珈乐,完整, 汉语,,,TRUE,,FALSE,
A000539,2021.09.24,BV11L4y187z1,,0,223848,,mp4,芥末巧克力,,,,杨丞琳,向晚,完整, 汉语,,,TRUE,,FALSE,
A000540,2021.09.24,BV11L4y187z1,,0,217248,,mp4,莫名其妙爱上你,2.0,,,朱主爱,乃琳,完整, 汉语,,,TRUE,,FALSE,
A000541,2021.09.24,BV11L4y187z1,,0,204888,,mp4,酒醉的蝴蝶,2.0,,,崔伟立,乃琳,完整, 汉语,,,TRUE,,FALSE,
A000542,2021.09.25,BV1tq4y1o7Tp,,0,188184,,mp4,会飞的野马,,,,裸儿,珈乐,完整, 汉语,,,TRUE,,FALSE,
A000543,2021.09.25,BV1tq4y1o7Tp,,0,232008,,mp4,波斯猫,,,,S.H.E,A-SOUL,完整, 汉语,,,TRUE,,FALSE,
A000544,2021.09.26,BV1fh411n7KZ,,0,160416,,mp4,我是一颗跳跳糖,,,,大张伟,"向晚,贝拉,珈乐,嘉然",完整, 汉语,,,TRUE,,FALSE,
A000545,2021.09.29,BV1Bb4y117s6,,0,136032,,mp4,Wake Me Up When September Ends,,,,,向晚,完整, 英语,,,TRUE,,FALSE,
A000546,2021.09.29,BV1Bb4y117s6,,0,222216,,mp4,这是我一生中最勇敢的瞬间,,,,,向晚,完整, 汉语,,,TRUE,,FALSE,
A000547,2021.09.30,BV17q4y1Z7A9,,0,72984,,mp4,Schnappi,,,,,贝拉,完整, 德语,,,TRUE,,FALSE,
A000548,2021.09.30,BV17q4y1Z7A9,,0,211464,,mp4,Звезда,,,星星,Vitas,贝拉,完整, 俄语,,,TRUE,,FALSE,
A000549,2021.09.30,BV17q4y1Z7A9,,0,94512,,mp4,Катюша,,,,,贝拉,完整, 俄语,,,TRUE,,FALSE,
A000550,2021.09.30,BV17q4y1Z7A9,,0,248976,,mp4,神保町哀歌,,,,,贝拉,完整, 日语,,,TRUE,,FALSE,
A000551,2021.09.30,BV17q4y1Z7A9,,0,278184,,mp4,风中奇缘,,,,西单女孩,贝拉,完整, 汉语,,,TRUE,,FALSE,
A000552,2021.10.04,BV1pP4y187JT,,0,252744,,mp4,今天你要嫁给我,,,,"陶喆,蔡依林","向晚,贝拉,嘉然",完整, 汉语,,,TRUE,,FALSE,
A000553,2021.10.04,BV1pP4y187JT,,0,90048,,mp4,小邋遢,,,,杨紫,"向晚,贝拉,嘉然",完整, 日语,,,TRUE,,FALSE,
A000554,2021.10.05,BV1fU4y1c7Ap,,0,201888,,mp4,夜宴风波,2.0,,,"音阙诗听,王梓钰",乃琳,完整, 汉语,,,TRUE,,FALSE,
A000555,2021.10.05,BV1fU4y1c7Ap,,0,225048,,mp4,如果的事,2.0,,,"范玮琪,张韶涵","贝拉,乃琳",完整, 汉语,,,TRUE,,FALSE,
A000556,2021.10.05,BV1fU4y1c7Ap,,0,204432,,mp4,带你去旅行,,,,"亦勋,林子琪",A-SOUL,完整, 汉语,,,TRUE,,FALSE,
A000557,2021.10.05,BV1fU4y1c7Ap,,0,152520,,mp4,我又初恋了,,,,"吴宣仪,杨蕊菡,罗智仪,王亦然",乃琳,完整, 汉语,,,TRUE,,FALSE,
A000558,2021.10.05,BV1fU4y1c7Ap,,0,235320,,mp4,旅行的意义,2.0,,,徐佳莹,"珈乐,嘉然,乃琳",完整, 汉语,,,TRUE,,FALSE,
A000559,2021.10.05,BV1fU4y1c7Ap,,0,217128,,mp4,胡广生,2.0,预录,,任素汐,珈乐,完整, 汉语,,,TRUE,,FALSE,
A000560,2021.10.05,BV1fU4y1c7Ap,,0,292152,,,醉,,预录,,,乃琳,完整, 汉语,,,FALSE,,FALSE,
A000561,2021.10.06,BV1pP4y1875T,,0,183600,,mp4,我的未来式,,,,郭采洁,A-SOUL,完整, 汉语,,,TRUE,,FALSE,
A000562,2021.10.07,BV1GL4y167Yr,,0,210672,,mp4,向前冲,,,,徐怀钰,"向晚,贝拉,嘉然,乃琳",完整, 汉语,,,TRUE,,FALSE,
A000563,2021.10.13,BV13L411G7jQ,,0,204960,,mp4,Lover Boy 88,2.0,,,"Phum Viphurit,Higher Brothers",向晚,完整, 汉语,,,TRUE,,FALSE,
A000564,2021.10.13,BV13L411G7jQ,,0,191448,,mp4,The Lazy Song,2.0,,,Bruno Mars,向晚,完整, 英语,,,TRUE,,FALSE,
A000565,2021.10.13,BV13L411G7jQ,,0,237000,,mp4,姗姗,2.0,,,金玟岐,向晚,完整, 日语,,,TRUE,,FALSE,
A000566,2021.10.13,BV13L411G7jQ,,0,212088,,mp4,橘子汽水,2.0,,,南拳妈妈,向晚,完整, 汉语,,,TRUE,,FALSE,
A000567,2021.10.13,BV19v411g7Vt,,0,206736,,mp4,泡沫美人鱼,,预录,,徐熙媛,珈乐,完整, 汉语,,,TRUE,,FALSE,
A000568,2021.10.13,BV1zf4y177cF,,0,190584,,mp4,猪猪侠,1.5,,,周游格,乃琳,完整, 汉语,,,TRUE,,FALSE,
A000569,2021.10.13,BV1zf4y177cF,,0,236448,,mp4,阿拉斯加火锅,,改词,,蓝心羽,乃琳,完整, 汉语,,,TRUE,,FALSE,
A000570,2021.10.13,BV19v411g7Vt,,0,259440,,mp4,隔岸,,预录,,麻子,珈乐,完整, 汉语,,,TRUE,,FALSE,
A000571,2021.10.13,BV13L411G7jQ,,0,258336,,mp4,雨爱,,,,杨丞琳,向晚,完整, 汉语,,,TRUE,,FALSE,
A000572,2021.10.14,BV1XQ4y1B7cH,,0,232536,,mp4,Hurts Like Hell,,,,Fleurie,贝拉,完整, 英语,,,TRUE,,FALSE,
A000573,2021.10.14,BV1XQ4y1B7cH,,0,260088,,mp4,Oblivious,,,,Kalafina (カラフィナ),贝拉,完整, 日语,,,TRUE,,FALSE,
A000574,2021.10.14,BV1tu411Z7SH,,0,109992,,mp4,あったかいんだからぁ,2.0,,正因为温暖,十九遥,嘉然,完整, 日语,,,TRUE,,FALSE,
A000575,2021.10.14,BV1tu411Z7SH,,0,210288,,mp4,哈尼,,,,南征北战NZBZ,嘉然,完整, 汉语,,,TRUE,,FALSE,
A000576,2021.10.14,BV1tu411Z7SH,,0,190224,,mp4,夜车,,,,葛雨晴,嘉然,完整, 汉语,,,TRUE,,FALSE,
A000577,2021.10.14,BV1XQ4y1B7cH,,0,345120,,mp4,星屑の砂時計,,,,yu-yu (ゆゆ),贝拉,完整, 日语,,,TRUE,,FALSE,
A000578,2021.10.14,BV1tu411Z7SH,,0,208944,,mp4,青春微甜,,,,程嘉敏,嘉然,完整, 日语,,,TRUE,,FALSE,
A000579,2021.10.15,BV1WR4y1H7Vy,,0,189984,,mp4,赤伶,,,,"朱婧汐JING,刘佳,李阳,孙悦","A-SOUL,朱婧汐",完整, 汉语,,,TRUE,,FALSE,
A000580,2021.10.16,BV1yF411Y7y9,,0,206088,,mp4,Lullaby,,,,J P Lloyd,嘉然,完整, 英语,,,TRUE,,FALSE,
A000581,2021.10.16,BV1yF411Y7y9,,0,250512,,mp4,Pretty Boy,,,,张木易,"向晚,贝拉",完整, 英语,,,TRUE,,FALSE,
A000582,2021.10.16,BV1yF411Y7y9,,0,226248,,mp4,天黑黑,,,,孙燕姿,"珈乐,乃琳",完整, 汉语,,,TRUE,,FALSE,
A000583,2021.10.16,BV1yF411Y7y9,,0,270072,,mp4,絆,,,,Nightcore.Shiro,贝拉,完整, 日语,,,TRUE,,FALSE,
A000584,2021.10.20,BV1Ur4y1y78z,,0,62808,,mp4,Quiet,,,,,乃琳,完整, 汉语,,,TRUE,,FALSE,
A000585,2021.10.20,BV1Ur4y1y78z,,0,220224,,mp4,天黑黑,2.0,,,孙燕姿,乃琳,完整, 汉语,,,TRUE,,FALSE,
A000586,2021.10.20,BV1du411Z7pF,,0,172296,,mp4,失恋阵线联盟,2.0,,,草蜢,珈乐,完整, 汉语,,,TRUE,,FALSE,
A000587,2021.10.20,BV1Ur4y1y78z,,0,152040,,mp4,我又初恋了,2.0,,,"吴宣仪,杨蕊菡,罗智仪,王亦然",乃琳,完整, 汉语,,,TRUE,,FALSE,
A000588,2021.10.20,BV1Ur4y1y78z,,0,220248,,mp4,自娱自乐,,,,金志文,乃琳,完整, 汉语,,,TRUE,,FALSE,
A000589,2021.10.20,BV1Ur4y1y78z,,0,216264,,mp4,莫名其妙爱上你,3.0,,,朱主爱,乃琳,完整, 汉语,,,TRUE,,FALSE,
A000590,2021.10.20,BV1Ur4y1y78z,,0,252096,,mp4,迷迭香,4.0,,,周杰伦,乃琳,完整, 汉语,,,TRUE,,FALSE,
A000591,2021.10.21,BV1g44y147Va,,0,155256,,mp4,咖喱咖喱,2.0,,,牛奶咖啡,嘉然,完整, 汉语,,,TRUE,,FALSE,
A000592,2021.10.21,BV1g44y147Va,,0,186072,,mp4,我在人民广场吃炸鸡,2.0,,,宝藏挖掘机,嘉然,完整, 汉语,,,TRUE,,FALSE,
A000593,2021.10.21,BV1g44y147Va,,0,200544,,mp4,提拉米苏,,,,"新乐尘符,李思雨",嘉然,完整, 汉语,,,TRUE,,FALSE,
A000594,2021.10.21,BV1g44y147Va,,0,206064,,mp4,牛奶面包,,,,杨紫,嘉然,完整, 汉语,,,TRUE,,FALSE,
A000595,2021.10.22,BV1Sv411M7Zm,,0,141096,,mp4,Believer,,,,"代少冬,韩佩泉Amir,胡烨韬,INTO1-周柯宇",贝拉,完整, 英语,,,TRUE,,FALSE,
A000596,2021.10.22,BV1Sv411M7Zm,,0,222912,,mp4,Sunshine Girl,2.0,,,沐月 (moumoon),"向晚,贝拉",完整, 英语,,,TRUE,,FALSE,
A000597,2021.10.22,BV1Sv411M7Zm,,0,246312,,mp4,下雨天,2.0,,,南拳妈妈,向晚,完整, 汉语,,,TRUE,,FALSE,
A000598,2021.10.22,BV1Sv411M7Zm,,0,235608,,mp4,旅行的意义,3.0,,,徐佳莹,"珈乐,嘉然,乃琳",完整, 汉语,,,TRUE,,FALSE,
A000599,2021.10.22,BV1Sv411M7Zm,,0,235032,,mp4,月亮之上,2.0,,,凤凰传奇,"向晚,珈乐",完整, 汉语,,,TRUE,,FALSE,
A000600,2021.10.22,BV1Sv411M7Zm,,0,222624,,mp4,痒,,,,黄龄,"贝拉,乃琳",完整, 日语,,,TRUE,,FALSE,
A000601,2021.10.22,BV1Sv411M7Zm,,0,205080,,mp4,被驯服的象,,,,蔡健雅,乃琳,完整, 汉语,,,TRUE,,FALSE,
A000602,2021.10.22,BV1Sv411M7Zm,,0,285528,,mp4,鱼,,,,陈绮贞,嘉然,完整, 汉语,,,TRUE,,FALSE,
A000603,2021.10.23,BV1wR4y1n7xp,,0,215712,,mp4,Bye Bye,,,,旅行团乐队,A-SOUL,完整, 汉语,,,TRUE,,FALSE,
A000604,2021.10.24,BV1Rq4y1G7Ao,,0,174936,,mp4,咚咚,3.0,,,,"向晚,嘉然,乃琳",完整, 汉语,,,TRUE,,FALSE,
A000605,2021.10.24,BV1Rq4y1G7Ao,,0,57192,,mp4,咚咚,3.5,,,,"向晚,嘉然,乃琳",完整, 汉语,,,TRUE,,FALSE,
A000606,2021.10.27,BV1gf4y137Ux,,0,187992,,mp4,Call Me Maybe,,,,Carly Rae Jepsen,"向晚",完整, 英语,,,TRUE,,FALSE,
A000607,2021.10.27,BV1iq4y1G7HB,,0,224304,,mp4,겨울아이,,,冬天的孩子,裴秀智 (배수지),"贝拉",完整, 韩语,,,TRUE,,FALSE,
A000608,2021.10.27,BV1gf4y137Ux,,0,148272,,mp4,芥末巧克力,2.0,,,,"向晚",完整, 汉语,,,TRUE,,FALSE,
A000609,2021.10.27,BV1gf4y137Ux,,0,139656,,mp4,只有音乐才是我的解药,,,,反光镜乐队,"向晚",完整, 汉语,,,TRUE,,FALSE,
A000610,2021.10.28,BV1eq4y1G7EU,,0,290088,,mp4,七里香,2.0,,,周杰伦,"嘉然,乃琳",完整, 汉语,,,TRUE,,FALSE,
A000611,2021.10.28,BV1eq4y1G7EU,,0,232704,,mp4,云烟成雨,,小狼生日快乐,,房东的猫,"嘉然,乃琳",完整, 汉语,,,TRUE,,FALSE,
A000612,2021.10.28,BV1eq4y1G7EU,,0,208608,,mp4,只对你有感觉,2.0,,,"Lil Ghost小鬼,吴宣仪,王子异","嘉然,乃琳",完整, 汉语,,,TRUE,,FALSE,
A000613,2021.10.28,BV1eq4y1G7EU,,0,224376,,mp4,私奔到月球,2.0,,,"五月天,陈绮贞","嘉然,乃琳",完整, 汉语,,,TRUE,,FALSE,
A000614,2021.10.29,BV1sU4y1c7jC,,0,242016,,mp4,Goodnight Moon,,,,Shivaree,"向晚",完整, 英语,,,TRUE,,FALSE,
A000615,2021.10.29,BV1sU4y1c7jC,,0,308040,,mp4,Zombie,,,,The Cranberries,"贝拉",完整, 英语,,,TRUE,,FALSE,
A000616,2021.10.29,BV1sU4y1c7jC,,0,234672,,mp4,威廉古堡,,,,周杰伦,"A-SOUL",完整, 汉语,,,TRUE,,FALSE,
A000617,2021.10.29,BV1sU4y1c7jC,,0,236712,,mp4,红玫瑰,2.0,,,陈奕迅,"乃琳",完整, 汉语,,,TRUE,,FALSE,
A000618,2021.10.30,V1er4y117tX,,0,160560,,mp4,摇滚一下吧,3.0,,,,"向晚,嘉然,乃琳",完整, 汉语,,,TRUE,,FALSE,
A000619,2021.10.30,V1er4y117tX,,0,197064,,mp4,青柠,3.0,,,"徐秉龙,桃十五","向晚,嘉然,乃琳",完整, 日语,,,TRUE,,FALSE,
A000620,2021.11.02,BV1Bq4y1r73j,,0,180912,,mp4,Undo,,预录,,Sanna Nielsen,珈乐,完整, 汉语,,,TRUE,,FALSE,
A000621,2021.11.02,BV1Bq4y1r73j,,0,273744,,mp4,千千阙歌,,,,张国荣,珈乐,完整, 汉语,,,TRUE,,FALSE,
A000622,2021.11.02,BV1Bq4y1r73j,,0,175872,,mp4,大哥你好吗,,,,"沈腾,腾格尔",乃琳,完整, 汉语,,,TRUE,,FALSE,
A000623,2021.11.02,BV1Bq4y1r73j,,0,235416,,mp4,大笨钟,3.0,ED,,周杰伦,珈乐,完整, 汉语,,,TRUE,,FALSE,
A000624,2021.11.02,BV1Bq4y1r73j,,0,102936,,mp4,天涯歌女,,改词ver.,,,珈乐,完整, 汉语,,,TRUE,,FALSE,
A000625,2021.11.02,BV1Bq4y1r73j,,0,169872,,mp4,我要你,6.0,,,,珈乐,完整, 汉语,,,TRUE,,FALSE,
A000626,2021.11.02,BV1Bq4y1r73j,,0,190440,,mp4,把耳朵叫醒,,,,潘莎,珈乐,完整, 汉语,,,TRUE,,FALSE,
A000627,2021.11.02,BV1Bq4y1r73j,,0,108864,,mp4,晚安小狼堡,,,,森林鹿,珈乐,完整, 汉语,,,TRUE,,FALSE,
A000628,2021.11.02,BV1Bq4y1r73j,,0,234288,,mp4,溯,2.0,,,"安崎,陈珏,戴萌,刘雨昕",珈乐,完整, 汉语,,,TRUE,,FALSE,
A000629,2021.11.02,BV1Bq4y1r73j,,0,252936,,mp4,霓虹甜心,2.0,,,马赛克乐队,A-SOUL,完整, 汉语,,,TRUE,,FALSE,
A000630,2021.11.03,BV1tf4y1u7AV,,0,250032,,mp4,下雨天,,,,南拳妈妈,贝拉,完整, 汉语,,,TRUE,,FALSE,
A000631,2021.11.03,BV1tf4y1u7AV,,0,261048,,mp4,不可思议,,,,金莎,贝拉,完整, 汉语,,,TRUE,,FALSE,
A000632,2021.11.03,BV1tf4y1u7AV,,0,231024,,mp4,云烟成雨,,,,房东的猫,贝拉,完整, 汉语,,,TRUE,,FALSE,
A000633,2021.11.03,BV1QF411a7B5,,0,93024,,mp4,冰淇淋,,,,,乃琳,完整, 汉语,,,TRUE,,FALSE,
A000634,2021.11.03,BV1Fr4y1C7qM,,0,127032,,mp4,小精灵,,,,吴青峰,向晚,完整, 汉语,,,TRUE,,FALSE,
A000635,2021.11.03,BV1Fr4y1C7qM,,0,106032,,mp4,当一切结束时,,,,,向晚,完整, 汉语,,,TRUE,,FALSE,
A000636,2021.11.03,BV1Fr4y1C7qM,,0,169303,,mp4,想见你想见你想见你,,,,"谭松韵,白敬亭",向晚,完整, 汉语,merged,,TRUE,,FALSE,
A000637,2021.11.03,BV1QF411a7B5,,0,127032,,mp4,热恋冰淇淋,,,,yihuik苡慧,乃琳,完整, 汉语,,,TRUE,,FALSE,
A000638,2021.11.03,BV1QF411a7B5,,0,231024,,mp4,狐狸,,,,薛之谦,乃琳,完整, 汉语,,,TRUE,,FALSE,
A000639,2021.11.03,BV1QF411a7B5,,0,208032,,mp4,猪猪侠,2.0,,,陈洁丽,乃琳,完整, 汉语,,,TRUE,,FALSE,
A000640,2021.11.03,BV1tf4y1u7AV,,0,248040,,mp4,红色高跟鞋,,,,隔壁老樊,贝拉,完整, 汉语,,,TRUE,,FALSE,
A000641,2021.11.03,BV1QF411a7B5,,0,293016,,mp4,花海,,,,,"向晚,乃琳",完整, 汉语,,,TRUE,,FALSE,
A000642,2021.11.03,BV1Fr4y1C7qM,,0,146016,,mp4,花海,2.0,,,,"向晚,乃琳",完整, 汉语,,,TRUE,,FALSE,
A000643,2021.11.03,BV1Fr4y1C7qM,,0,191745,,mp4,走马,,,,江意间,向晚,完整, 汉语,merged,,TRUE,,FALSE,
A000644,2021.11.03,BV1tf4y1u7AV,,0,250008,,mp4,迷迭香,,,,周杰伦,贝拉,完整, 汉语,,,TRUE,,FALSE,
A000645,2021.11.03,BV1QF411a7B5,,0,287040,,mp4,鱼,,,,陈绮贞,乃琳,完整, 汉语,,,TRUE,,FALSE,
A000646,2021.11.04,BV1b44y1i7Pb,,0,240888,,mp4,万有引力,5.0,,,汪苏泷,嘉然,完整, 汉语,,,TRUE,,FALSE,
A000647,2021.11.06,BV1kQ4y1m76U,,0,255720,,mp4,Snow Halation,,,,μ's (缪斯),向晚,完整, 日语,,,TRUE,,FALSE,
A000648,2021.11.06,BV1kQ4y1m76U,,0,94152,,mp4,冬天里的一把火,,,,,A-SOUL,完整, 汉语,,,TRUE,,FALSE,
A000649,2021.11.09,BV1yb4y187QR,,0,178440,,mp4,魂然天成,,,,,A-SOUL,完整, 汉语,,,TRUE,,FALSE,
A000650,2021.11.10,BV1cL411u7ng,,0,234984,,mp4,一剪梅,,feat.乃琳,,费玉清,向晚,完整, 汉语,,,TRUE,,FALSE,
A000651,2021.11.10,BV1Tv411M77D,,0,287640,,mp4,小情歌,,,,鱼丁糸,珈乐,完整, 汉语,,,TRUE,,FALSE,
A000652,2021.11.10,BV1ZS4y1R7Pc,,0,275208,,mp4,平凡的一天,2.0,,,毛不易,乃琳,完整, 汉语,,,TRUE,,FALSE,
A000653,2021.11.10,BV1cL411u7ng,,0,267216,,mp4,扉をあけて,,,打开心扉,ANZA (大山アンザ),向晚,完整, 日语,,,TRUE,,FALSE,
A000654,2021.11.10,BV1Tv411M77D,,0,311832,,mp4,漠河舞厅,,,,柳爽,珈乐,完整, 汉语,,,TRUE,,FALSE,
A000655,2021.11.10,BV1ZS4y1R7Pc,,0,184104,,mp4,给我一个吻,2.0,,,杨子姗,乃琳,完整, 汉语,,,TRUE,,FALSE,
A000656,2021.11.10,BV1ZS4y1R7Pc,,0,310296,,mp4,舒伯特玫瑰,,合唱素材,,,乃琳,完整, 汉语,,,TRUE,,FALSE,
A000657,2021.11.11,BV11q4y1r7hn,,0,206352,,mp4,Lullaby,2.0,,,J P Lloyd,嘉然,完整, 英语,,,TRUE,,FALSE,
A000658,2021.11.11,BV1sq4y1375M,,0,117936,,mp4,Unravel,,,,火腿叔叔Ham,贝拉,完整, 日语,,,TRUE,,FALSE,
A000659,2021.11.11,BV11q4y1r7hn,,0,227928,,mp4,YOU&IDOL,,,,Morgan Saint,嘉然,完整, 日语,,,TRUE,,FALSE,
A000660,2021.11.11,BV1sq4y1375M,,0,54552,,mp4,ドラえもんのうた,,,哆啦A梦之歌,,贝拉,完整, 日语,,,TRUE,,FALSE,
A000661,2021.11.11,BV11q4y1r7hn,,0,179160,,mp4,想想念念,,,,"FAFA,雪二",嘉然,完整, 汉语,,,TRUE,,FALSE,
A000662,2021.11.11,BV1sq4y1375M,,0,299880,,mp4,暁の車,2.0,,,南里侑香 (なんり ゆうか),贝拉,完整, 日语,,,TRUE,,FALSE,
A000663,2021.11.11,BV11q4y1r7hn,,0,202032,,mp4,暗恋,2.0,,,"A1 TRIP,xxxmiracle,阿彻",嘉然,完整, 日语,,,TRUE,,FALSE,
A000664,2021.11.11,BV11q4y1r7hn,,0,332160,,mp4,素敵だね,3.0,,,Rikki (中野律纪),贝拉,完整, 日语,,,TRUE,,FALSE,
A000665,2021.11.11,BV1sq4y1375M,,0,362376,,mp4,鳥の詩,2.0,,,Lia (りあ),贝拉,完整, 日语,,,TRUE,,FALSE,
A000666,2021.11.12,BV1LR4y1t7B4,,0,296664,,mp4,青春纪念册,,,,可米小子,A-SOUL,完整, 汉语,,,TRUE,,FALSE,
A000667,2021.11.13,BV1FU4y1u7Uh,,0,106344,,mp4,Sweets Parade,,,,,嘉然,完整, 日语,,,TRUE,,FALSE,
A000668,2021.11.13,BV1FU4y1u7Uh,,0,171600,,mp4,健康歌,,,,,贝拉,完整, 汉语,,,TRUE,,FALSE,
A000669,2021.11.13,BV1FU4y1u7Uh,,0,173472,,mp4,彩虹的微笑,4.0,,,王心凌,A-SOUL,完整, 汉语,,,TRUE,,FALSE,
A000670,2021.11.13,BV1FU4y1u7Uh,,0,290136,,mp4,快乐老家,2.0,,,"唐汉霄,梁龙,张碧晨,吴莫愁",乃琳,完整, 汉语,,,TRUE,,FALSE,
A000671,2021.11.13,BV1FU4y1u7Uh,,0,80328,,mp4,无敌,,,,邓超,"向晚,乃琳",完整, 日语,,,TRUE,,FALSE,
A000672,2021.11.14,BV1wT4y1R7mf,,0,90144,,mp4,Sweets Parade,2.0,,,,嘉然,完整, 日语,,,TRUE,,FALSE,
A000673,2021.11.14,BV1wT4y1R7mf,,0,167760,,mp4,吵架歌,2.0,,,"汪苏泷,Hari荷莉","嘉然,乃琳",完整, 汉语,,,TRUE,,FALSE,
A000674,2021.11.14,BV1wT4y1R7mf,,0,194784,,mp4,小星星,,,,汪苏泷,"向晚,嘉然,乃琳",完整, 汉语,,,TRUE,,FALSE,
A000675,2021.11.14,BV1wT4y1R7mf,,0,253848,,mp4,想变成一切美好的事物,,,,沫碎颜,"向晚,乃琳",完整, 汉语,,,TRUE,,FALSE,
A000676,2021.11.14,BV1wT4y1R7mf,,0,207720,,mp4,牛奶面包,2.0,,,杨紫,"向晚,嘉然",完整, 汉语,,,TRUE,,FALSE,
A000677,2021.11.14,BV1wT4y1R7mf,,0,165432,,mp4,童年,,,,刘瑞琦,"向晚,嘉然,乃琳",完整, 汉语,,,TRUE,,FALSE,
A000678,2021.11.17,BV14Y411478V,,0,279648,,mp4,Baby Don’t Cry,,,,大声 (대성),珈乐,完整, 汉语,,,TRUE,,FALSE,
A000679,2021.11.17,BV14Y411478V,,0,286080,,mp4,I Believe,2.0,,,申升勋 (신승훈),珈乐,完整, 汉语,,,TRUE,,FALSE,
A000680,2021.11.17,BV1HU4y1u7eC,,0,257688,,mp4,Plastic Love,2.0,,,Friday Night Plans,向晚,完整, 日语,,,TRUE,,FALSE,
A000681,2021.11.17,BV14Y411478V,,0,245088,,mp4,你快乐所以我快乐,,,,王菲,珈乐,完整, 汉语,,,TRUE,,FALSE,
A000682,2021.11.17,BV1HU4y1u7eC,,0,62352,,mp4,小情歌,2.0,,,,向晚,完整, 汉语,,,TRUE,,FALSE,
A000683,2021.11.17,BV14Y411478V,,0,285552,,mp4,花房姑娘,,,,崔健,珈乐,完整, 汉语,,,TRUE,,FALSE,
A000684,2021.11.18,BV1PP4y1L7H4,,0,227952,,mp4,Piano Dust,,,,OOHYO (우효),嘉然,完整, 英语,,,TRUE,,FALSE,
A000685,2021.11.18,BV1Hf4y1M7w9,,0,240480,,mp4,Wonderful U,2.0,,,AGA,"贝拉,乃琳",完整, 英语,,,TRUE,,FALSE,
A000686,2021.11.18,BV1PP4y1L7H4,,0,192264,,mp4,夜车,2.0,,,葛雨晴,嘉然,完整, 汉语,,,TRUE,,FALSE,
A000687,2021.11.18,BV1PP4y1L7H4,,0,202128,,mp4,我喜欢上你时的内心活动,2.0,,,陈绮贞,嘉然,完整, 汉语,,,TRUE,,FALSE,
A000688,2021.11.19,BV1zY411x7rt,,0,163464,,mp4,虫儿飞,2.0,,,宋小睿,"向晚,贝拉,嘉然,乃琳",完整, 汉语,,,TRUE,,FALSE,
A000689,2021.11.20,BV1oU4y1K7Fq,,0,258504,,mp4,宠爱,4.0,,,TFBOYS,"嘉然,乃琳",完整, 汉语,,,TRUE,,FALSE,
A000690,2021.11.20,BV1oU4y1K7Fq,,0,155544,,mp4,小年兽,2.0,,,程嘉敏,嘉然,完整, 汉语,,,TRUE,,FALSE,
A000691,2021.11.20,BV1oU4y1K7Fq,,0,68712,,mp4,情非得已,2.0,,,,"向晚,嘉然",完整, 汉语,,,TRUE,,FALSE,
A000692,2021.11.20,BV1oU4y1K7Fq,,0,235080,,mp4,我的月光,,,,阿兰,贝拉,完整, 汉语,,,TRUE,,FALSE,
A000693,2021.11.20,BV1oU4y1K7Fq,,0,281064,,mp4,樱花草,3.0,,,Sweety,"向晚,贝拉",完整, 汉语,,,TRUE,,FALSE,
A000694,2021.11.20,BV1oU4y1K7Fq,,0,74904,,mp4,樱花草,4.0,,,,"向晚,嘉然",完整, 汉语,,,TRUE,,FALSE,
A000695,2021.11.20,BV1oU4y1K7Fq,,0,210648,,mp4,私奔到月球,3.0,,,"五月天,陈绮贞","向晚,贝拉,嘉然,乃琳",完整, 汉语,,,TRUE,,FALSE,
A000696,2021.11.20,BV1oU4y1K7Fq,,0,265080,,mp4,简单爱,,,,周杰伦,向晚,完整, 汉语,,,TRUE,,FALSE,
A000697,2021.11.24,BV1Bf4y1K7Nu,,0,235104,,mp4,The Legend Of Ashitaka,2.0,,,Streaming Music Studios,乃琳,完整, 日语,,,TRUE,,FALSE,
A000698,2021.11.24,BV12q4y1B7gT,,0,246144,,mp4,兰亭序,,,,周杰伦,珈乐,完整, 汉语,,,TRUE,,FALSE,
A000699,2021.11.24,BV12q4y1B7gT,,0,226632,,mp4,晴天,,,,"林俊杰,周杰伦",珈乐,完整, 汉语,,,TRUE,,FALSE,
A000700,2021.11.24,BV1Bf4y1K7Nu,,0,276864,,mp4,给电影人的情书,,,,蔡琴,乃琳,完整, 汉语,,,TRUE,,FALSE,
A000701,2021.11.25,BV1mR4y1x7A7,,0,248856,,mp4,ありがとう,,,谢谢,KOKIA (吉田亚纪子),贝拉,完整, 日语,,,TRUE,,FALSE,
A000702,2021.11.25,BV1mR4y1x7A7,,0,253416,,mp4,亲爱的那不是爱情,,,,张韶涵,贝拉,完整, 汉语,,,TRUE,,FALSE,
A000703,2021.11.25,BV1N34y1R787,,0,147552,,mp4,嘉然只要八块两毛半,,续,,,"向晚,嘉然",完整, 汉语,,,TRUE,,FALSE,
A000704,2021.11.25,BV1N34y1R787,,0,106224,,mp4,嘉然只要八块两毛半,,,,,"向晚,嘉然",完整, 汉语,,,TRUE,,FALSE,
A000705,2021.11.25,BV1mR4y1x7A7,,0,79656,,mp4,开心往前飞,2.0,,,VIVI,贝拉,完整, 汉语,,,TRUE,,FALSE,
A000706,2021.11.25,BV1N34y1R787,,0,230064,,mp4,旅行的意义,4.0,,,徐佳莹,"向晚,嘉然",完整, 汉语,,,TRUE,,FALSE,
A000707,2021.11.25,BV1mR4y1x7A7,,0,205272,,mp4,月亮代表我的心,,,,邓丽君,贝拉,完整, 汉语,,,TRUE,,FALSE,
A000708,2021.11.25,BV1N34y1R787,,0,149616,,mp4,爱你,4.0,,,,"向晚,嘉然",完整, 汉语,,,TRUE,,FALSE,
A000709,2021.11.25,BV1N34y1R787,,0,220886,,mp4,甜美过滤,,,,,向晚,完整, 汉语,merged,,TRUE,,FALSE,
A000710,2021.11.26,BV1QL4y1p7uf,,0,226128,,mp4,同桌的你,3.0,,,老狼,A-SOUL,完整, 汉语,,,TRUE,,FALSE,
A000711,2021.11.27,BV13R4y147GS,,0,196176,,mp4,Forever奥特曼,,,,"Owl City,Carly Rae Jepsen",贝拉,完整, 汉语,,,TRUE,,FALSE,
A000712,2021.11.27,BV13R4y147GS,,0,207216,,mp4,告白气球,,,,周杰伦,"向晚,嘉然",完整, 汉语,,,TRUE,,FALSE,
A000713,2021.11.27,BV13R4y147GS,,0,268248,,mp4,外面的世界,,,,莫文蔚,珈乐,完整, 汉语,,,TRUE,,FALSE,
A000714,2021.11.27,BV13R4y147GS,,0,208128,,mp4,学猫叫,2.0,,,"小潘潘（潘柚彤）,小峰峰（陈峰）","向晚,嘉然,乃琳",完整, 汉语,,,TRUE,,FALSE,
A000715,2021.11.27,BV13R4y147GS,,0,189720,,mp4,我在人民广场吃炸鸡,,,,宝藏挖掘机,珈乐,完整, 汉语,,,TRUE,,FALSE,
A000716,2021.11.27,BV13R4y147GS,,0,203208,,mp4,淋雨一直走,,,,张韶涵,向晚,完整, 汉语,,,TRUE,,FALSE,
A000717,2021.11.27,BV13R4y147GS,,0,214872,,mp4,爱你,6.0,,,G.E.M. 邓紫棋,A-SOUL,完整, 汉语,,,TRUE,,FALSE,
A000718,2021.11.27,BV13R4y147GS,,0,207432,,mp4,猪猪侠,3.0,,,陈洁丽,"嘉然,乃琳",完整, 汉语,,,TRUE,,FALSE,
A000719,2021.11.27,BV13R4y147GS,,0,253440,,mp4,羞答答的玫瑰静悄悄地开,3.0,,,孟庭苇,乃琳,完整, 汉语,,,TRUE,,FALSE,
A000720,2021.11.27,BV13R4y147GS,,0,171120,,mp4,走过咖啡屋,2.0,,,千百惠,贝拉,完整, 汉语,,,TRUE,,FALSE,
A000721,2021.11.28,BV1BR4y1x7Uc,,0,195408,,mp4,所有人都在玩手机,2.0,,,,珈乐,完整, 汉语,,,TRUE,,FALSE,
A000722,2021.12.01,BV1LP4y137CF,,0,252456,,mp4,Blue Moon,,,,水树奈奈 (みずき なな),"向晚",完整, 日语,,,TRUE,,FALSE,
A000723,2021.12.01,BV1LP4y137CF,,0,315072,,mp4,Brave Song,2.0,,,多田葵 (ただ あおい),"向晚",完整, 日语,,,TRUE,,FALSE,
A000724,2021.12.01,BV1LP4y137CF,,0,234168,,mp4,ふわふわ時間,3.0,,轻飘飘时间,放課後ティータイム (放学后TEA TIME),"向晚",完整, 日语,,,TRUE,,FALSE,
A000725,2021.12.01,BV1Zb4y1B7sN,,0,206160,,mp4,别再闹了,,,,毛不易,"乃琳",完整, 汉语,,,TRUE,,FALSE,
A000726,2021.12.01,BV1LP4y137CF,,0,226008,,mp4,動物園は大変だ,,,,TUNE'S,"向晚",完整, 日语,,,TRUE,,FALSE,
A000727,2021.12.01,BV1LP4y137CF,,0,251064,,mp4,恋爱サーキュレーション,,,恋爱循环,花澤香菜 (はなざわ かな),"向晚",完整, 日语,,,TRUE,,FALSE,
A000728,2021.12.01,BV1tR4y147xj,,0,317592,,mp4,漠河舞厅,2.0,,,柳爽,"珈乐",完整, 汉语,,,TRUE,,FALSE,
A000729,2021.12.01,BV1Zb4y1B7sN,,0,274128,,mp4,萱草花,,,,张小斐,"乃琳",完整, 汉语,,,TRUE,,FALSE,
A000730,2021.12.01,BV1tR4y147xj,,0,247272,,mp4,那么骄傲,2.0,,,金海心,"珈乐",完整, 汉语,,,TRUE,,FALSE,
A000731,2021.12.02,BV1TQ4y1e7Sr,,0,182664,,mp4,Fly Me To The Moon,2.0,,,Nancy Wilson,"贝拉",完整, 英语,,,TRUE,,FALSE,
A000732,2021.12.02,BV1TQ4y1e7Sr,,0,250560,,mp4,Scarborough Fair,2.0,,斯卡布罗集市,Sarah Brightman,"贝拉",完整, 英语,,,TRUE,,FALSE,
A000733,2021.12.02,BV1TQ4y1e7Sr,,0,98712,,mp4,Катюша,2.0,,喀秋莎,,"贝拉",完整, 俄语,,,TRUE,,FALSE,
A000734,2021.12.02,BV1TQ4y1e7Sr,,0,196104,,mp4,이쁘다니까,2.0,,你真漂亮,Eddy Kim (에디킴),"贝拉",完整, 韩语,,,TRUE,,FALSE,
A000735,2021.12.02,BV1Di4y1o7hY,,0,192984,,mp4,熬夜上瘾,,,,刘亦心（可乐就是力量）,"嘉然",完整, 汉语,,,TRUE,,FALSE,
A000736,2021.12.04,BV14r4y1Q7jS,,0,193512,,mp4,Oz.,,,,yama (ヤマ),向晚,完整, 日语,,,TRUE,,FALSE,
A000737,2021.12.04,BV14r4y1Q7jS,,0,207744,,mp4,他的猫,,,,"徐良,杨曦","珈乐,嘉然",完整, 汉语,,,TRUE,,FALSE,
A000738,2021.12.04,BV14r4y1Q7jS,,0,253080,,mp4,想变成一切美好的事物,2.0,,,沫碎颜,"向晚,乃琳",完整, 汉语,,,TRUE,,FALSE,
A000739,2021.12.04,BV14r4y1Q7jS,,0,248880,,mp4,我只在乎你,2.0,,,邓丽君,"贝拉,珈乐",完整, 汉语,,,TRUE,,FALSE,
A000740,2021.12.04,BV14r4y1Q7jS,,0,261720,,mp4,我要我们在一起,,,,范晓萱,珈乐,完整, 汉语,,,TRUE,,FALSE,
A000741,2021.12.04,BV14r4y1Q7jS,,0,210072,,mp4,给女孩,2.0,,,李宇春,乃琳,完整, 汉语,,,TRUE,,FALSE,
A000742,2021.12.08,BV1ng411P7c2,,0,280056,,mp4,光年之外,,,,"华晨宇,G.E.M. 邓紫棋","向晚,珈乐",完整, 汉语,,,TRUE,,FALSE,
A000743,2021.12.08,BV1ng411P7c2,,0,139734,,mp4,小情歌,3.0,,,,"向晚,珈乐",完整, 汉语,merged,,TRUE,,FALSE,
A000744,2021.12.08,BV1RL411771c,,0,195670,,mp4,星空剪影,2.0,,,蓝心羽,"贝拉,乃琳",完整, 汉语,,,TRUE,,FALSE,
A000745,2021.12.08,BV1ng411P7c2,,0,100416,,mp4,花房姑娘,2.0,,,,"向晚,珈乐",完整, 汉语,,,TRUE,,FALSE,
A000746,2021.12.08,BV1ng411P7c2,,0,277944,,mp4,花海,3.0,,,周杰伦,"向晚,珈乐",完整, 汉语,,,TRUE,,FALSE,
A000747,2021.12.08,BV1RL411771c,,0,247320,,mp4,远走高飞,2.0,,,金志文,"贝拉,嘉然,乃琳",完整, 汉语,,,TRUE,,FALSE,
A000748,2021.12.08,BV1ng411P7c2,,0,291000,,mp4,逝去的歌,2.0,,,旅行团乐队,"向晚,珈乐",完整, 汉语,,,TRUE,,FALSE,
A000749,2021.12.08,BV1ng411P7c2,,0,271368,,mp4,鱼,2.0,,,王贰浪,"向晚,珈乐",完整, 汉语,,,TRUE,,FALSE,
A000750,2021.12.11,BV1Ka411k7rM,,0,259320,,mp4,刀马旦,,,,"CoCo李玟,G.E.M. 邓紫棋",珈乐,完整, 汉语,,,TRUE,,FALSE,
A000751,2021.12.11,BV1Ka411k7rM,,0,739056,,mp4,国风歌曲串烧,,,,,A-SOUL,完整, 汉语,,,TRUE,,FALSE,
A000752,2021.12.11,BV1Ka411k7rM,,0,296976,,mp4,在水一方,2.0,,,李健,"珈乐,乃琳",完整, 汉语,,,TRUE,,FALSE,
A000753,2021.12.11,BV1Ka411k7rM,,0,214872,,mp4,成员单曲Remix,,,,Maroon 5,珈乐,完整, 汉语,,,TRUE,,FALSE,
A000754,2021.12.11,BV1Ka411k7rM,,0,305160,,mp4,朋友,,,,谭咏麟,A-SOUL,完整, 汉语,,,TRUE,,FALSE,
A000755,2021.12.11,BV1Ka411k7rM,,0,186576,,mp4,沧海一声笑,,,,许冠杰,向晚,完整, 汉语,,,TRUE,,FALSE,
A000756,2021.12.11,BV1Ka411k7rM,,0,194856,,mp4,藏,,,,"徐梦圆,双笙 (陈元汐)","向晚,贝拉,嘉然",完整, 日语,,,TRUE,,FALSE,
A000757,2021.12.15,BV17Y411W7fA,,0,281568,,mp4,Baby Don’t Cry,2.0,,,大声 (대성),珈乐,完整, 英语,,,TRUE,,FALSE,
A000758,2021.12.15,BV17Y411W7fA,,0,231936,,mp4,云烟成雨,6.0,,,房东的猫,珈乐,完整, 汉语,,,TRUE,,FALSE,
A000759,2021.12.15,BV14Y411W7QD,,0,233832,,mp4,缘起,,,,周深,乃琳,完整, 汉语,,,TRUE,,FALSE,
A000760,2021.12.15,BV14Y411W7QD,,0,240096,,mp4,金风玉露·夜语迟,2.0,,,"赵方婧,亦乐Elim,陈致逸",乃琳,完整, 汉语,,,TRUE,,FALSE,
A000761,2021.12.15,BV17Y411W7fA,,0,271416,,mp4,霓虹甜心,3.0,,,马赛克乐队,珈乐,完整, 汉语,,,TRUE,,FALSE,
A000762,2021.12.16,BV1qL411j74s,,0,203856,,mp4,微风,,,,李润祺,嘉然,完整, 汉语,,,TRUE,,FALSE,
A000763,2021.12.16,BV1534y167GA,,0,141336,,mp4,新贵妃醉酒,,,,,贝拉,完整, 汉语,,,TRUE,,FALSE,
A000764,2021.12.16,BV1qL411j74s,,0,242232,,mp4,然有引力,,,,汪苏泷,嘉然,完整, 汉语,,,TRUE,,FALSE,
A000765,2021.12.16,BV1qL411j74s,,0,139152,,mp4,猫中毒,2.0,,,嘉然Diana,嘉然,完整, 日语,,,TRUE,,FALSE,
A000766,2021.12.16,BV1534y167GA,,0,150576,,mp4,画心,,,,,贝拉,完整, 汉语,,,TRUE,,FALSE,
A000767,2021.12.17,BV1qY411W7ms,,0,243144,,mp4,千年之恋,,,,F.I.R.飞儿乐团,"贝拉,珈乐,嘉然,乃琳",完整, 汉语,,,TRUE,,FALSE,
A000768,2021.12.18,BV1bL411j7Ly,,0,283224,,mp4,AvA去哪儿,,,,,A-SOUL,完整, 汉语,,,TRUE,,FALSE,
A000769,2021.12.18,BV1bL411j7Ly,,0,154392,,mp4,Smile,,,,Johnny Stimson,贝拉,完整, 英语,,,TRUE,,FALSE,
A000770,2021.12.18,BV1bL411j7Ly,,0,164952,,mp4,你笑起来真好看,,,,"李昕融,樊桐舟,李凯稠",珈乐,完整, 汉语,,,TRUE,,FALSE,
A000771,2021.12.18,BV1bL411j7Ly,,0,185976,,mp4,别看我只是一只羊,,,,杨沛宜,珈乐,完整, 汉语,,,TRUE,,FALSE,
A000772,2021.12.18,BV1bL411j7Ly,,0,235512,,mp4,哈哈忘词王游戏,,月亮之上,,,"贝拉,珈乐,嘉然,乃琳",完整, 汉语,,,TRUE,,FALSE,
A000773,2021.12.18,BV1bL411j7Ly,,0,628536,,mp4,哈哈忘词王游戏 ,,冬天里的一把火,,,"贝拉,珈乐,嘉然,乃琳",完整, 汉语,,,TRUE,,FALSE,
A000774,2021.12.18,BV1bL411j7Ly,,0,201864,,mp4,哈哈忘词王游戏,,樱花草、渡情,,郁可唯,"贝拉,珈乐,嘉然,乃琳",完整, 汉语,,,TRUE,,FALSE,
A000775,2021.12.18,BV1bL411j7Ly,,0,166896,,mp4,哈鹿哈鹿哈鹿,,,,"于扬子,朱苓,吴晓凝,丁诗妤",乃琳,完整, 汉语,,,TRUE,,FALSE,
A000776,2021.12.18,BV1bL411j7Ly,,0,170112,,mp4,彩虹的微笑,5.0,,,王心凌,嘉然,完整, 汉语,,,TRUE,,FALSE,
A000777,2021.12.18,BV1bL411j7Ly,,0,190824,,mp4,爱的魔法,2.0,,,金莎,嘉然,完整, 汉语,,,TRUE,,FALSE,
A000778,2021.12.18,BV1bL411j7Ly,,0,226056,,mp4,阳光彩虹小白马,,,,大张伟,乃琳,完整, 汉语,,,TRUE,,FALSE,
A000779,2021.12.19,BV1TF41167WJ,,0,181464,,mp4,Ba Ba Ba,,,,차멜레온 (Cha_mele0o0n),贝拉,完整, 汉语,,,TRUE,,FALSE,
A000780,2021.12.19,BV1TF41167WJ,,0,214992,,mp4,不怕不怕,,,,郭美美,珈乐,完整, 汉语,,,TRUE,,FALSE,
A000781,2021.12.19,BV1TF41167WJ,,0,152160,,mp4,阳光男孩阳光女孩,2.0,,,TG4,嘉然,完整, 汉语,,,TRUE,,FALSE,
A000782,2021.12.22,BV1nm4y197gN,,0,276120,,mp4,流光记,,,,银临,乃琳,完整, 汉语,,,TRUE,,FALSE,
A000783,2021.12.22,BV1mZ4y1X77Z,,0,240048,,mp4,红色高跟鞋,3.0,,,隔壁老樊,珈乐,完整, 汉语,,,TRUE,,FALSE,
A000784,2021.12.22,BV1nm4y197gN,,0,240072,,mp4,缘起,2.0,,,周深,乃琳,完整, 汉语,,,TRUE,,FALSE,
A000785,2021.12.22,BV1mZ4y1X77Z,,0,195192,,mp4,草莓与狼,,,,,珈乐,完整, 汉语,,,TRUE,,FALSE,
A000786,2021.12.22,BV1mZ4y1X77Z,,0,271536,,mp4,象牙舟,,,,大杯橙汁加点冰,珈乐,完整, 汉语,,,TRUE,,FALSE,
A000787,2021.12.22,BV1nm4y197gN,,0,111528,,mp4,靠近,,,,,乃琳,完整, 汉语,,,TRUE,,FALSE,
A000788,2021.12.23,BV1Mr4y1S7B3,,0,204240,,mp4,恋爱画板,2.0,,,锦零,嘉然,完整, 汉语,,,TRUE,,FALSE,
A000789,2021.12.24,BV1vP4y1H7r6,,0,233760,,mp4,祝你平安,,,,孙悦,"贝拉,珈乐,嘉然",完整, 汉语,,,TRUE,,FALSE,
A000790,2021.12.25,BV13a41167w3,,0,276168,,mp4,圣诞结,,,,陈奕迅,珈乐,完整, 汉语,,,TRUE,,FALSE,
A000791,2021.12.25,BV13a41167w3,,0,260448,,mp4,就是爱你,,,,陶喆,"贝拉,珈乐,嘉然,乃琳",完整, 汉语,,,TRUE,,FALSE,
A000792,2021.12.25,BV13a41167w3,,0,191520,,mp4,犯错,,,,"斯琴高丽,顾峰","贝拉,珈乐",完整, 汉语,,,TRUE,,FALSE,
A000793,2021.12.29,BV1gR4y137j2,,0,219171,,mp4,你听得到,,,,周杰伦,向晚,完整, 汉语,merged,,TRUE,,FALSE,
A000794,2021.12.29,BV1gR4y137j2,,0,168774,,mp4,向晚宇宙,,,,,向晚,完整, 汉语,merged,,TRUE,,FALSE,
A000795,2021.12.29,BV1gR4y137j2,,0,215064,,mp4,小情歌,4.0,,,,向晚,完整, 汉语,,,TRUE,,FALSE,
A000796,2021.12.29,BV1gR4y137j2,,0,151512,,mp4,小精灵,2.0,,,,向晚,完整, 汉语,,,TRUE,,FALSE,
A000797,2021.12.29,BV1gR4y137j2,,0,258936,,mp4,彩虹,2.0,,,周杰伦,向晚,完整, 汉语,,,TRUE,,FALSE,
A000798,2021.12.29,BV1gR4y137j2,,0,222984,,mp4,心跳的证明,2.0,,,阿乖,向晚,完整, 汉语,,,TRUE,,FALSE,
A000799,2021.12.29,BV1gR4y137j2,,0,169536,,mp4,我喜欢上你时的内心活动,,,,,向晚,完整, 汉语,,,TRUE,,FALSE,
A000800,2021.12.29,BV1gR4y137j2,,0,143016,,mp4,晴天,2.0,,,张雨桐,向晚,完整, 汉语,,,TRUE,,FALSE,
A000801,2021.12.29,BV1gR4y137j2,,0,240668,,mp4,那时正好,,,,赵政豪,向晚,完整, 汉语,,,TRUE,,FALSE,
A000802,2021.12.30,BV1eZ4y1D7sq,,0,196128,,mp4,山海入梦来,,,,邹秋实,贝拉,完整, 汉语,,,TRUE,,FALSE,
A000803,2021.12.30,BV1LM4y1F7c8,,0,195696,,mp4,熬夜上瘾,2.0,,,刘亦心（可乐就是力量）,嘉然,完整, 汉语,,,TRUE,,FALSE,
A000804,2021.12.31,BV1La411z7jT,,0,220056,,mp4,Hello Hello,,,,张根硕 (장근석),向晚,完整, 汉语,,,TRUE,,FALSE,
A000805,2021.12.31,BV1La411z7jT,,0,187776,,mp4,人间惊鸿客,,,,叶里,贝拉,完整, 汉语,,,TRUE,,FALSE,
A000806,2021.12.31,BV1La411z7jT,,0,159720,,mp4,小年兽,3.0,,,程嘉敏,嘉然,完整, 汉语,,,TRUE,,FALSE,
A000807,2021.12.31,BV1La411z7jT,,0,254664,,m4a,小幸运,3.0,,,田馥甄,A-SOUL,完整, 汉语,,,TRUE,,FALSE,
A000808,2021.12.31,BV1La411z7jT,,0,238104,,mp4,小永远,3.0,,,何洁,乃琳,完整, 汉语,,,TRUE,,FALSE,
A000809,2021.12.31,BV1La411z7jT,,0,204768,,mp4,桃花朵朵开,2.0,,,阿牛,珈乐,完整, 汉语,,,TRUE,,FALSE,
A000810,2021.12.31,BV1La411z7jT,,0,202776,,mp4,桃花笑,,,,原来是萝卜丫,乃琳,完整, 汉语,,,TRUE,,FALSE,
A000811,2021.12.31,BV1La411z7jT,,0,282264,,mp4,蜀绣,,,,宝藏挖掘机,乃琳,完整, 汉语,,,TRUE,,FALSE,
A000812,2022.01.02,BV1vL4y1t7Zz,,0,270592,,m4a,海底,2.0,,,,"贝拉,乃琳",完整, 汉语,,,TRUE,,FALSE,
A000813,2022.01.02,BV1vL4y1t7Zz,,0,,,m4a,迷迭香,5.0,,,,乃琳,完整, 汉语,,,TRUE,,FALSE,
A000814,2022.01.02,BV1vL4y1t7Zz,,0,232491,,m4a,Marry You,2.0,,,,乃琳,完整, 汉语,,,TRUE,,FALSE,
A000815,2022.01.02,BV1vL4y1t7Zz,,0,273046,,m4a,爱就一个字,2.0,,,,乃琳,完整, 汉语,,,TRUE,,FALSE,
A000816,2022.01.02,BV1vL4y1t7Zz,,0,189355,,m4a,逍遥,,预录,,,乃琳,完整, 汉语,,,TRUE,,FALSE,
A000817,2022.01.05,BV1f44y1L7xc,,0,268267,,m4a,小寒,,,,,珈乐,完整, 汉语,,,TRUE,,FALSE,
A000818,2022.01.05,BV1f44y1L7xc,,0,235072,,m4a,深蓝,,,,,珈乐,完整, 汉语,,,TRUE,,FALSE,
A000819,2022.01.05,BV1f44y1L7xc,,0,211558,,m4a,芒种,2.0,预录,,,珈乐,完整, 汉语,,,TRUE,,FALSE,
A000820,2022.01.05,BV14S4y1T78e,,0,54763,,m4a,快乐小孩,,,,,向晚,完整, 汉语,,,TRUE,,FALSE,
A000821,2022.01.05,BV14S4y1T78e,,0,226603,,m4a,快乐环岛,,,,,向晚,完整, 汉语,,,TRUE,,FALSE,
A000822,2022.01.05,BV1M44y1j7LH,,0,238272,,m4a,棠梨煎雪,6.0,,,,乃琳,完整, 汉语,,,TRUE,,FALSE,
A000823,2022.01.05,BV1M44y1j7LH,,0,244011,,m4a,路过人间,2.0,,,,乃琳,完整, 汉语,,,TRUE,,FALSE,
A000824,2022.01.06,BV12D4y1F7t4,,0,187819,,m4a,我和你,2.0,,,,嘉然,完整, 汉语,,,TRUE,,FALSE,
A000825,2022.01.06,BV12D4y1F7t4,,0,212310,,m4a,哈尼,2.0,,,,嘉然,完整, 汉语,,,TRUE,,FALSE,
A000826,2022.01.06,BV12D4y1F7t4,,0,209984,,m4a,麋鹿森林,3.0,,,,嘉然,完整, 汉语,,,TRUE,,FALSE,
A000827,2022.01.07,BV1ZF411e7YV,,0,212800,,m4a,我的果汁分你一半,,,,,嘉然,完整, 汉语,,,TRUE,,FALSE,
A000828,2022.01.07,BV1ZF411e7YV,,0,217024,,m4a,莫名其妙爱上你,,,,,向晚,完整, 汉语,,,TRUE,,FALSE,
A000829,2022.01.07,BV1ZF411e7YV,,0,218411,,m4a,别找我麻烦,2.0,,,,珈乐,完整, 汉语,,,TRUE,,FALSE,
A000830,2022.01.07,BV1ZF411e7YV,,0,275371,,m4a,象牙舟,,,,,珈乐,完整, 汉语,,,TRUE,,FALSE,
A000831,2022.01.09,BV1qS4y1Z7au,,0,270358,,m4a,有可能的夜晚,2.0,,,,嘉然,完整, 汉语,,,TRUE,,FALSE,
A000832,2022.01.09,BV1qS4y1Z7au,,0,289451,,m4a,愛してるばんざーい!,,,喜欢你万岁！,,向晚,完整, 日语,,,TRUE,,FALSE,
A000833,2022.01.09,BV1qS4y1Z7au,,0,126976,,m4a,是心动啊,,,,,乃琳,完整, 汉语,,,TRUE,,FALSE,
A000834,2022.01.12,BV1aZ4y1S7Pr,,0,253611,,m4a,你快乐所以我快乐,2.0,,,,珈乐,完整, 汉语,,,TRUE,,FALSE,
A000835,2022.01.12,BV1yS4y1Z7L5,,0,260310,,m4a,花海,4.0,,,,"向晚,乃琳",完整, 汉语,,,TRUE,,FALSE,
A000836,2022.01.12,BV1yS4y1Z7L5,,0,243008,,m4a,蒲公英的约定,,,,,"向晚,乃琳",完整, 汉语,,,TRUE,,FALSE,
A000837,2022.01.15,BV1fF411H752,,0,276822,,m4a,最炫民族风,,,,,A-SOUL,完整, 汉语,,,TRUE,,FALSE,
A000838,2022.01.15,BV1fF411H752,,0,851350,,m4a,KTV歌曲串烧,,,,,A-SOUL,完整, 汉语,,,TRUE,,FALSE,
A000839,2022.01.15,BV1fF411H752,,0,262102,,m4a,不可思议,5.0,,,,"嘉然,金莎",完整, 汉语,,,TRUE,,FALSE,
A000840,2022.01.15,BV1fF411H752,,0,224768,,m4a,棉花糖,3.0,,,,嘉然,完整, 汉语,,,TRUE,,FALSE,
A000841,2022.01.15,BV1fF411H752,,0,858368,,m4a,歌曲接力游戏,,,,,A-SOUL,完整, 汉语,,,TRUE,,FALSE,
A000842,2022.01.19,BV1iF411p7E5,,0,167040,,m4a,心恋,,,,,珈乐,完整, 汉语,,,TRUE,,FALSE,
A000843,2022.01.19,BV1Km4y1S7pD,,0,118187,,m4a,SpongeBob SquarePants Theme Song,,,,,向晚,完整, 英语,,,TRUE,,FALSE,
A000844,2022.01.19,BV1Km4y1S7pD,,0,59456,,m4a,SpongeBob Closing Theme,,,,,向晚,完整, 英语,,,TRUE,,FALSE,
A000845,2022.01.19,BV1uu41117hT,,0,316566,,m4a,水星记,7.0,,,,乃琳,完整, 汉语,,,TRUE,,FALSE,
A000846,2022.01.19,BV1uu41117hT,,0,273835,,m4a,想见你想见你想见你,,,,,乃琳,完整, 汉语,,,TRUE,,FALSE,
A000847,2022.01.19,BV1uu41117hT,,0,253526,,m4a,约定,,,,,乃琳,完整, 汉语,,,TRUE,,FALSE,
A000848,2022.01.19,BV1uu41117hT,,0,275307,,m4a,小幸运,4.0,二创合唱,,,乃琳,完整, 汉语,,,TRUE,,FALSE,
A000849,2022.01.20,BV1Bq4y1k7bU,,0,264256,,m4a,赤伶,2.0,,,,贝拉,完整, 汉语,,,TRUE,,FALSE,
A000850,2022.01.20,BV19r4y1Y7fM,,0,263488,,m4a,宠爱,5.0,,,,嘉然,完整, 汉语,,,TRUE,,FALSE,
A000851,2022.01.21,BV1z5411f7EA,,0,252715,,m4a,思念是一种病,,,,,A-SOUL,完整, 汉语,,,TRUE,,FALSE,
A000852,2022.01.22,BV1z5411f7EA,,0,191844,,m4a,所有人都在玩手机,3.0,,,,珈乐,完整, 汉语,,,TRUE,,FALSE,
A000853,2022.01.23,BV1T3411h7x3,,0,227008,,m4a,遇见你的时候所有星星都落到我头上,3.0,,,,"向晚,嘉然,乃琳",完整, 汉语,,,TRUE,,FALSE,
A000854,2022.01.26,BV17q4y1w7tC,,0,238955,,m4a,素颜,2.0,,,,珈乐,完整, 汉语,,,TRUE,,FALSE,
A000855,2022.01.26,BV17q4y1w7tC,,0,267883,,m4a,故乡的云,,,,,珈乐,完整, 汉语,,,TRUE,,FALSE,
A000856,2022.01.26,BV19F411p7A1,,0,268950,,m4a,空も飛べるはず,,,定能飞向天空,,向晚,完整, 日语,,,TRUE,,FALSE,
A000857,2022.01.26,BV19F411p7A1,,0,106411,,m4a,爱你一万年,,,,,向晚,完整, 汉语,,,TRUE,,FALSE,
A000858,2022.01.26,BV19F411p7A1,,0,97579,,m4a,特别的爱给特别的你,,,,,向晚,完整, 汉语,,,TRUE,,FALSE,
A000859,2022.01.26,BV19F411p7A1,,0,233003,,m4a,味道,,,,,向晚,完整, 汉语,,,TRUE,,FALSE,
A000860,2022.01.26,BV19F411p7A1,,0,143168,,m4a,爱我的人和我爱的人,,,,,向晚,完整, 汉语,,,TRUE,,FALSE,
A000861,2022.01.26,BV19F411p7A1,,0,166848,,m4a,别问我是谁,,,,,向晚,完整, 汉语,,,TRUE,,FALSE,
A000862,2022.01.26,BV1LS4y1L7tC,,0,333248,,m4a,嘉宾,,,,,乃琳,完整, 汉语,,,TRUE,,FALSE,
A000863,2022.01.26,BV1LS4y1L7tC,,0,235371,,m4a,阿拉斯加海湾,,,,,乃琳,完整, 汉语,,,TRUE,,FALSE,
A000864,2022.01.26,BV1LS4y1L7tC,,0,212032,,m4a,迎春花,,,,,乃琳,完整, 汉语,,,TRUE,,FALSE,
A000865,2022.01.26,BV1LS4y1L7tC,,0,232704,,m4a,让我留在你身边,,,,,乃琳,完整, 汉语,,,TRUE,,FALSE,
A000866,2022.01.26,BV1LS4y1L7tC,,0,196715,,m4a,Hey Lin,,,,,乃琳,完整, 汉语,,,TRUE,,FALSE,
A000867,2022.01.27,BV1qm4y1S7DL,,0,73430,,m4a,三百六十五个祝福,,,,,贝拉,完整, 汉语,,,TRUE,,FALSE,
A000868,2022.01.27,BV1qm4y1S7DL,,0,157398,,m4a,小城故事,,,,,贝拉,完整, 汉语,,,TRUE,,FALSE,
A000869,2022.01.27,BV1PY411t7Wr,,0,287488,,m4a,发财发福过大年,,改词,,,嘉然,完整, 汉语,,,TRUE,,FALSE,
A000870,2022.01.27,BV1PY411t7Wr,,0,224576,,m4a,棉花糖,2.0,,,,嘉然,完整, 汉语,,,TRUE,,FALSE,
A000871,2022.01.29,BV12S4y1V7P4,,0,144064,,m4a,是心动啊,2.0,,,,乃琳,完整, 汉语,,,TRUE,,FALSE,
A000872,2022.01.29,BV12S4y1V7P4,,0,164992,,m4a,风情万种,,,,,乃琳,完整, 汉语,,,TRUE,,FALSE,
A000873,2022.01.29,BV12S4y1V7P4,,0,195030,,m4a,火,,,,,"向晚,贝拉,珈乐",完整, 汉语,,,TRUE,,FALSE,
A000874,2022.01.29,BV12S4y1V7P4,,0,363030,,m4a,恭喜恭喜,,,,,A-SOUL,完整, 汉语,,,TRUE,,FALSE,
A000875,2022.02.03,BV1Mm4y1Z7Jj,,0,254115,,m4a,一千零一个愿望,,,,,A-SOUL,完整, 汉语,,,TRUE,,FALSE,
A000876,2022.02.04,BV1rF411J7cw,,0,309005,,m4a,相约1998,,,,,A-SOUL,完整, 汉语,,,TRUE,,FALSE,
A000877,2022.02.04,BV1rF411J7cw,,0,197397,,m4a,冬天里的一把火,2.0,,,,A-SOUL,完整, 汉语,,,TRUE,,FALSE,
A000878,2022.02.04,BV1rF411J7cw,,0,290133,,m4a,常回家看看,,,,,A-SOUL,完整, 汉语,,,TRUE,,FALSE,
A000879,2022.02.04,BV1rF411J7cw,,0,202527,,m4a,恭喜发财,,,,,A-SOUL,完整, 汉语,,,TRUE,,FALSE,
A000880,2022.02.04,BV1rF411J7cw,,0,120327,,m4a,枝江组曲,,,,,"向晚,乃琳",完整, 汉语,,,TRUE,,FALSE,
A000881,2022.02.04,BV1rF411J7cw,,0,272715,,m4a,万物生,,,,,珈乐,完整, 汉语,,,TRUE,,FALSE,
A000882,2022.02.04,BV1rF411J7cw,,0,207147,,m4a,吉祥三宝,,,,,"向晚,嘉然,乃琳",完整, 汉语,,,TRUE,,FALSE,
A000883,2022.02.06,BV1Nr4y1h79B,,0,128756,,m4a,白龙马,,,,,A-SOUL,完整, 汉语,,,TRUE,,FALSE,
A000884,2022.02.14,BV1iP4y1w7xR,,0,228809,,m4a,输入法可爱按第五,,,,,乃琳,完整, 汉语,,,TRUE,,FALSE,
A000885,2022.02.14,BV1iP4y1w7xR,,0,248346,,m4a,星晴,,,,,乃琳,完整, 汉语,,,TRUE,,FALSE,
A000886,2022.02.14,BV1iP4y1w7xR,,0,228188,,m4a,爱的天灵灵,,,,,嘉然,完整, 汉语,,,TRUE,,FALSE,
A000887,2022.02.14,BV1iP4y1w7xR,,0,207940,,m4a,海芋恋,3.0,,,,嘉然,完整, 汉语,,,TRUE,,FALSE,
A000888,2022.02.14,BV1iP4y1w7xR,,0,259277,,m4a,我喜欢,2.0,,,,珈乐,完整, 汉语,,,TRUE,,FALSE,
A000889,2022.02.14,BV1iP4y1w7xR,,0,270883,,m4a,唯一,,,,,珈乐,完整, 汉语,,,TRUE,,FALSE,
A000890,2022.02.14,BV1iP4y1w7xR,,0,306239,,m4a,大鱼,,预录,,,珈乐,完整, 汉语,,,TRUE,,FALSE,
A000891,2022.02.14,BV1iP4y1w7xR,,0,237599,,m4a,水形物语,,,,,贝拉,完整, 汉语,,,TRUE,,FALSE,
A000892,2022.02.14,BV1iP4y1w7xR,,0,227331,,m4a,恶作剧,,,,,贝拉,完整, 汉语,,,TRUE,,FALSE,
A000893,2022.02.14,BV1iP4y1w7xR,,0,239167,,m4a,三行情诗,,,,,向晚,完整, 汉语,,,TRUE,,FALSE,
A000894,2022.02.14,BV1iP4y1w8xR,,0,207289,,m4a,Monsters,,,,,向晚,完整, 英语,,,TRUE,,FALSE,
A000895,2022.02.16,BV1cZ4y1d7jZ,,0,271701,,m4a,曹操,,,,,珈乐,完整, 汉语,,,TRUE,,FALSE,
A000896,2022.02.16,BV1cZ4y1d7jZ,,0,265063,,m4a,烟雨行舟,,,,,珈乐,完整, 汉语,,,TRUE,,FALSE,
A000897,2022.02.16,BV1JF411E7gS,,0,81629,,m4a,春天在哪里,,改词,,,向晚,完整, 汉语,,,TRUE,,FALSE,
A000898,,,,,,,,,,,,,,,,,,,,,
A000899,2022.02.16,BV1JF411E7gS,,0,137082,,m4a,是心动啊,,,,,向晚,完整, 汉语,,,TRUE,,FALSE,
A000900,2022.02.16,BV1JF411E7gS,,0,246964,,m4a,New Boy,2.0,,,,向晚,完整, 汉语,,,TRUE,,FALSE,
A000901,2022.02.16,BV1Ua411k7sK,,0,148552,,m4a,卖汤圆,,,,,乃琳,完整, 汉语,,,TRUE,,FALSE,
A000902,2022.02.16,BV1Ua411k7sK,,0,201149,,m4a,南屏晚钟,,,,,乃琳,完整, 汉语,,,TRUE,,FALSE,
A000903,2022.02.16,BV1Ua411k7sK,,0,259395,,m4a,年轮,,,,,乃琳,完整, 汉语,,,TRUE,,FALSE,
A000904,2022.02.16,BV1Ua411k7sK,,0,261054,,m4a,此生不换,,,,,乃琳,完整, 汉语,,,TRUE,,FALSE,
A000905,2022.02.16,BV1Ua411k7sK,,0,290989,,m4a,手掌心,,,,,乃琳,完整, 汉语,,,TRUE,,FALSE,
A000906,2022.02.17,BV1Ba411k7Lf,,0,287902,,m4a,月光,2.0,,,,贝拉,完整, 汉语,,,TRUE,,FALSE,
A000907,2022.02.17,BV1ob4y147yZ,,0,240420,,m4a,情花,,,,,嘉然,完整, 汉语,,,TRUE,,FALSE,
A000908,2022.02.17,BV1ob4y147yZ,,0,254958,,m4a,情歌悠扬,,,,,嘉然,完整, 汉语,,,TRUE,,FALSE,
A000909,2022.02.18,BV1fT4y1D7um,,0,229248,,m4a,星星,,,,,A-SOUL,完整, 汉语,,,TRUE,,FALSE,
A000910,2022.02.19,BV12L411K7dU,,0,234568,,m4a,Love Story,2.0,,,,向晚,完整, 英语,,,TRUE,,FALSE,
A000911,2022.02.19,BV12L411K7dU,,0,198560,,m4a,Forever奥特曼,2.0,,,,贝拉,完整, 汉语,,,TRUE,,FALSE,
A000912,2022.02.19,BV12L411K7dU,,0,286372,,m4a,爱人错过,,,,,珈乐,完整, 汉语,,,TRUE,,FALSE,
A000913,2022.02.19,BV12L411K7dU,,0,199737,,m4a,提拉米苏,2.0,,,,嘉然,完整, 汉语,,,TRUE,,FALSE,
A000914,2022.02.19,BV12L411K7dU,,0,277782,,m4a,给电影人的情书,2.0,,,,乃琳,完整, 汉语,,,TRUE,,FALSE,
A000915,2022.02.20,BV1ym4y197UR,,0,99170,,m4a,蓝精灵,,,,,A-SOUL,完整, 汉语,,,TRUE,,FALSE,
A000916,2022.02.20,BV1ym4y197UR,,0,78678,,m4a,找朋友,,,,,A-SOUL,完整, 汉语,,,TRUE,,FALSE,
A000917,2022.02.20,BV1ym4y197UR,,0,277873,,m4a,相亲相爱一家人,,,,,A-SOUL,完整, 汉语,,,TRUE,,FALSE,
A000918,2022.02.23,BV1R44y1n7GF,,0,330234,,m4a,马,,,,,珈乐,完整, 汉语,,,TRUE,,FALSE,
A000919,2022.02.23,BV1NL411T7M7,,0,218831,,m4a,红颜旧,,,,,乃琳,完整, 汉语,,,TRUE,,FALSE,
A000920,2022.02.23,BV1NL411T7M7,,0,201117,,m4a,声声慢,3.0,,,,乃琳,完整, 汉语,,,TRUE,,FALSE,
A000921,2022.02.24,BV1oS4y1z7jV,,0,184342,,m4a,地球最可爱,,,,,"向晚,嘉然",完整, 汉语,,,TRUE,,FALSE,
A000922,2022.02.26,BV1m44y1n722,,0,39062,,m4a,玫瑰玫瑰我爱你,,,,,贝拉,完整, 汉语,,,TRUE,,FALSE,
A000923,2022.02.26,BV1m44y1n722,,0,280418,,m4a,Secret Base ~君がくれたもの~,,,,,贝拉,完整, 日语,,,TRUE,,FALSE,
A000924,2022.02.26,BV1m44y1n722,,0,203966,,m4a,我多喜欢你，你会知道,2.0,,,,贝拉,完整, 汉语,,,TRUE,,FALSE,
A000925,2022.02.27,BV1LU4y1f7Ts,,0,237778,,m4a,暖暖,3.0,,,,乃琳,完整, 汉语,,,TRUE,,FALSE,
A000926,2022.02.27,BV1LU4y1f7Ts,,0,224588,,m4a,動物園は大変だ,2.0,,,,向晚,完整, 日语,,,TRUE,,FALSE,
A000927,2021.09.09,BV1zq4y1N765,,0,287520,,mp4,我怀念的,,,,,贝拉,完整, 汉语,,,TRUE,,FALSE,
A000928,2021.09.09,BV1zq4y1N765,,0,231120,,mp4,Done for me,,,,,贝拉,完整, 韩语,,,TRUE,,FALSE,
A000929,2021.03.17,BV1Py4y1h7MW,,0,214443,,m4a,红色高跟鞋,,ED旧,,,珈乐,完整, 汉语,,,TRUE,,FALSE,
A000930,2021.04.15,BV1iK411F7vb,,0,251798,,m4a,蜜月アン·ドゥ·トロワ,,ED,,,贝拉,完整, 日语,,,TRUE,,FALSE,
A000931,2021.05.03,BV1jf4y1W7ry,,0,251115,,m4a,迷迭香,,ED,,,乃琳,完整, 汉语,,,TRUE,,FALSE,
A000932,2021.09.08,BV1Fg41157rn,,0,292466,,m4a,醉,,ED,,,乃琳,完整, 汉语,,,TRUE,,FALSE,
A000933,2021.07.03,BV1Yo4y1C7gf,,0,217626,,mp3,Secret Player,,单曲,,,向晚,完整, 汉语,,,TRUE,,FALSE,
A000934,2021.09.25,BV1JM4y137qB,,0,179400,,mp3,Shiny Dancer,,单曲,,,贝拉,完整, 汉语,,,TRUE,,FALSE,
A000935,,,,,,,,,,,,,,,,,,,,,
A000936,2021.05.28,BV1V64y1k7TA,,0,227840,,mp3,Hopeful Dreamer,,单曲,,,嘉然,完整, 汉语,,,TRUE,,FALSE,
A000937,2022.01.14,BV17b4y1J7ed,,0,178152,,mp3,Sweet Counter,,单曲,,,乃琳,完整, 汉语,,,TRUE,,FALSE,
A000938,2021.10.03,BV1e44y147nb,,0,80400,,mp3,King,,视频,,,向晚,完整, 日语,,,TRUE,,FALSE,
A000939,2021.04.02,BV1FX4y1g7u8,,0,138576,,mp3,猫中毒,,视频,,,嘉然,完整, 日语,,,TRUE,,FALSE,
A000940,2021.11.02,BV1134y1o7hi,,0,119760,,mp3,YOU&IDOL,,视频,,,嘉然,完整, 日语,,,TRUE,,FALSE,
A000941,2021.06.27,BV1Mh411Y7vS,,0,170880,,mp3,花间酒,,视频,,,"嘉然,乃琳",完整, 汉语,,,TRUE,,FALSE,
A000942,2022.01.18,BV1dL4y147Lf,,0,150192,,mp3,Hey Lin,,视频,,,乃琳,完整, 汉语,,,TRUE,,FALSE,
A000943,2021.01.28,BV1Nz4y1D75t,,0,210048,,mp3,安河桥,,内测,,,珈乐,完整, 汉语,,,TRUE,,FALSE,
A000944,2021.01.28,BV1wy4y1e7Dt,,0,269160,,mp3,春风十里,,内测,,,珈乐,完整, 汉语,,,TRUE,,FALSE,
A000945,2021.01.28,BV1BB4y1F74f,,0,240117,,mp3,走马,,内测,,,珈乐,完整, 汉语,,,TRUE,,FALSE,
A000946,2021.01.28,BV1QA411V7xA,p6,0,134280,,mp3,secret base ～你给我的东西～,,内测,,,珈乐,完整, 汉语,,,TRUE,,FALSE,
A000947,2021.01.28,BV1QA411V7xA,p8,0,248952,,mp3,第三人称,,内测,,,珈乐,完整, 汉语,,,TRUE,,FALSE,
A000948,2021.01.28,BV1kp4y1b7Md,,0,245786,,mp3,孤独患者,,内测,,,珈乐,完整, 汉语,,,TRUE,,FALSE,
A000949,2021.12.22,BV1mZ4y1X77Z,,0,183062,,m4a,勾指起誓,,预录,,,珈乐,完整, 汉语,,,TRUE,,FALSE,
A000950,2021.12.21,BV1PQ4y1Y7DY,,0,209208,,mp3,Lover Boy 88,,视频,,,向晚,完整, 汉语,,,TRUE,,FALSE,
A000951,2021.03.07,BV1Hh411Q7go,,0,109704,,mp3,然然给嘉心糖的一封信,,,,,嘉然,完整, 汉语,,,TRUE,,FALSE,
A000952,2020.12.02,BV1YK411V7N3,,0,226716,,mp3,Quiet,,团曲,,,A-SOUL,完整, 汉语,,,TRUE,,FALSE,
A000953,2021.05.06,BV1vQ4y1Z7C2,,0,257933,,mp3,超级敏感,,团曲,,,A-SOUL,完整, 汉语,,,TRUE,,FALSE,
A000954,2021.09.25,BV1m54y1n7hZ,,0,193128,,mp3,DUN DUN,,,,,A-SOUL,完整, 汉语,,,TRUE,,FALSE,
A000955,2021.12.17,BV19Z4y1k7P7,,0,248304,,mp3,传说的世界,,团曲,,,A-SOUL,完整, 汉语,,,TRUE,,FALSE,
A000956,2022.02.03,BV1Ga41127eH,,0,213192,,mp3,除夕,,团曲,,,"A-SOUL,音阙诗听",完整, 汉语,,,TRUE,,FALSE,
A000957,2022.03.02,BV17Z4y1C7Mw,,0,204331,,m4a,牛奶面包,,,,,乃琳,完整, 汉语,,,TRUE,,FALSE,
A000958,2022.03.02,BV17Z4y1C7Mw,,0,208214,,m4a,告白气球,3.0,,,,乃琳,完整, 汉语,,,TRUE,,FALSE,
A000959,2022.03.03,BV1bL411N7Bv,,0,277952,,m4a,さよなら、アリス,,,再见，爱丽丝,,贝拉,完整, 日语,,,TRUE,,FALSE,
A000960,2022.03.03,BV1bL411N7Bv,,0,228886,,m4a,걱정말아요그대,,,你不要担心,,贝拉,完整, 韩语,,,TRUE,,FALSE,
A000961,2022.03.06,BV1EU4y1o7Ej,,0,203520,,m4a,恋爱画板,3.0,,,,嘉然,完整, 汉语,,,TRUE,,FALSE,
A000962,2022.03.06,BV1EU4y1o7Ej,,0,232811,,m4a,TA,,,,,嘉然,完整, 汉语,,,TRUE,,FALSE,
A000963,2022.03.06,BV1EU4y1o7Ej,,0,408064,,m4a,甜歌王,,,,,嘉然,完整, 汉语,,,TRUE,,FALSE,
A000964,2022.03.09,BV17Y411378X,,0,318379,,m4a,采薇,,,,,珈乐,完整, 汉语,,,TRUE,,FALSE,
A000965,2022.03.09,BV15r4y1B7fK,,0,227712,,m4a,The Scientist,,,,,向晚,完整, 英语,,,TRUE,,FALSE,
A000966,2022.03.09,BV15r4y1B7fK,,0,259200,,m4a,Yellow,,,,,向晚,完整, 英语,,,TRUE,,FALSE,
A000967,2022.03.09,BV15r4y1B7fK,,0,184534,,m4a,静止,2.0,,,,向晚,完整, 汉语,,,TRUE,,FALSE,
A000968,2022.03.09,BV1vU4y1o7BX,,0,210091,,m4a,星光派对,,,,,乃琳,完整, 汉语,,,TRUE,,FALSE,
A000969,2022.03.09,BV1vU4y1o7BX,,0,181675,,m4a,危险派对,,,,,乃琳,完整, 汉语,,,TRUE,,FALSE,
A000970,2022.03.09,BV1vU4y1o7BX,,0,181824,,m4a,挥着翅膀的女孩,,改词,,,乃琳,完整, 汉语,,,TRUE,,FALSE,
A000971,2022.03.10,BV1Fu411z7Gw,,0,273686,,m4a,轻轻的告诉你,2.0,,,,贝拉,完整, 汉语,,,TRUE,,FALSE,
A000972,2022.03.10,BV1t34y187md,,0,254294,,m4a,情歌悠扬,2.0,,,,嘉然,完整, 汉语,,,TRUE,,FALSE,
A000973,2021.04.17,BV1aK4y1P7Cg,,0,227840,,mp3,Hopeful Dreamer,,合唱版,,,"嘉然,中国绊爱",完整, 汉语,,,TRUE,,FALSE,
A000974,2021.09.09,BV1zq4y1N765,,0,197230,,m4a,Rollin',,,,,贝拉,完整, 韩语,,,TRUE,,FALSE,
A000975,2022.03.11,,,0,216064,,m4a,小精灵,,,,,A-SOUL,完整, 汉语,,,TRUE,,FALSE,
A000976,2022.03.12,,,0,339627,,m4a,Weight of the World,,,破灭的世界之歌,,向晚,完整, 日语,,,TRUE,,FALSE,
A000977,2022.03.12,,,0,234475,,m4a,指纹,,,,,珈乐,完整, 汉语,,,TRUE,,FALSE,
A000978,2022.03.12,,,0,181739,,m4a,危险派对,2.0,,,,乃琳,完整, 汉语,,,TRUE,,FALSE,
A000979,2022.03.12,,,0,53803,,m4a,香蕉之歌,,,,,A-SOUL,完整, 英语,,,TRUE,,FALSE,
A000980,2022.01.05,,,0,147072,,m4a,I’ll cover you,,合唱,,,乃琳,完整, 英语,,,TRUE,,FALSE,
A000981,2022.03.16,,,0,272590,,m4a,隔岸,,出师表remix,,,珈乐,完整, 汉语,,,TRUE,,FALSE,
A000982,2022.03.16,,,0,240841,,m4a,惊蛰,,,,,珈乐,完整, 汉语,,,TRUE,,FALSE,
A000983,2022.03.16,,,0,178458,,m4a,艾蜜莉,,,,,珈乐,完整, 汉语,,,TRUE,,FALSE,
A000984,2022.03.16,,,0,332075,,m4a,Wherever You Are,2.0,,,,向晚,完整, 日语,,,TRUE,,FALSE,
A000985,2022.03.16,,,0,115389,,m4a,Valder Fields,,,,,向晚,完整, 英语,,,TRUE,,FALSE,
A000986,2022.03.16,,,0,332075,,m4a,他不爱我,3.0,,,,乃琳,完整, 汉语,,,TRUE,,FALSE,
A000987,2021.10.13,,,0,214998,,m4a,红色高跟鞋,,ED新,,,珈乐,完整, 汉语,,,TRUE,,FALSE,
A000988,2021.03.03,,,0,186690,,m4a,溯,,ED,,,珈乐,完整, 汉语,,,TRUE,,FALSE,
A000989,2022.01.18,,,0,60144,,mp3,绝世舞姬,,视频,,,乃琳,完整, 汉语,,,TRUE,,FALSE,
A000990,2022.03.18,,,0,219616,,m4a,稻香,,,,,A-SOUL,完整, 汉语,,,TRUE,,FALSE,
A000991,2022.03.19,,,0,197168,,m4a,处处吻,,,,,乃琳,完整, 汉语,,,TRUE,,FALSE,
A000992,2022.03.19,,,0,141522,,m4a,繁花,2.0,,,,"贝拉,乃琳",完整, 汉语,,,TRUE,,FALSE,
A000993,2022.03.19,,,0,170472,,m4a,小狐狸,,,,,"向晚,乃琳",完整, 汉语,,,TRUE,,FALSE,
A000994,2022.03.19,,,0,188669,,m4a,挥着翅膀的女孩,2.0,,,,向晚,完整, 汉语,,,TRUE,,FALSE,
A000995,2022.03.20,,,0,256503,,m4a,欧若拉,2.0,,,,"向晚,贝拉,嘉然,乃琳",完整, 汉语,,,TRUE,,FALSE,
A000996,2022.03.23,,,0,237376,,m4a,走马,2.0,,,,珈乐,完整, 汉语,,,TRUE,,FALSE,
A000997,2022.03.23,,,0,168418,,m4a,All I Want,,,,,向晚,完整, 英语,,,TRUE,,FALSE,
A000998,2022.03.23,,,0,225363,,m4a,All I Want,2.0,,,,向晚,完整, 英语,,,TRUE,,FALSE,
A000999,2022.03.23,,,0,82911,,m4a,爱呀爱呀,,,,,向晚,完整, 汉语,,,TRUE,,FALSE,
A001000,2022.03.23,,,0,212616,,m4a,不怕不怕,,,,,"贝拉,乃琳",完整, 汉语,,,TRUE,,FALSE,
A001001,2022.03.24,,,0,87642,,m4a,好运来,,改词,,,嘉然,完整, 汉语,,,TRUE,,FALSE,
A001002,2022.03.24,,,0,240391,,m4a,庆祝,,,,,嘉然,完整, 汉语,,,TRUE,,FALSE,
A001003,2022.03.25,,,0,258259,,m4a,但愿人长久,2.0,,,,A-SOUL,完整, 汉语,,,TRUE,,FALSE,
A001004,2022.03.26,,,0,194701,,m4a,下一秒,,,,,乃琳,完整, 汉语,,,TRUE,,FALSE,
A001005,2022.03.26,,,0,267184,,m4a,冬眠,2.0,,,,"珈乐,乃琳",完整, 汉语,,,TRUE,,FALSE,
A001006,2022.03.26,,,0,113335,,m4a,晚安喵,3.0,,,,A-SOUL,完整, 汉语,,,TRUE,,FALSE,
A001007,2022.03.27,,,0,353323,,m4a,桜の樹の下,,,,,贝拉,完整, 日语,,,TRUE,,FALSE,
A001008,2022.03.27,,,0,187115,,m4a,A Little Love,,,,,贝拉,完整, 英语,,,TRUE,,FALSE,
A001009,2022.03.27,,,0,237227,,m4a,我的月光,2.0,,,,贝拉,完整, 汉语,,,TRUE,,FALSE,
A001010,2022.03.27,,,0,207403,,m4a,海芋恋,3.0,,,,嘉然,完整, 汉语,,,TRUE,,FALSE,
A001011,2022.03.30,,,0,185174,,m4a,小狐狸,2.0,,,,乃琳,完整, 汉语,,,TRUE,,FALSE,
A001012,2022.03.30,,,0,328171,,m4a,失落沙洲,,,,,乃琳,完整, 汉语,,,TRUE,,FALSE,
A001013,2022.03.30,,,0,236566,,m4a,让她降落,,,,,乃琳,完整, 汉语,,,TRUE,,FALSE,
A001014,2022.03.30,,,0,223915,,m4a,声声慢,4.0,,,,乃琳,完整, 汉语,,,TRUE,,FALSE,
A001015,2022.03.31,,,0,269355,,m4a,晴天,2.0,,,,"珈乐,嘉然",完整, 汉语,,,TRUE,,FALSE,
A001016,2022.03.31,,,0,257899,,m4a,爱的飞行日记,,,,,"珈乐,嘉然",完整, 汉语,,,TRUE,,FALSE,
A001017,2022.03.31,,,0,194795,,m4a,夜车,3.0,,,,"珈乐,嘉然",完整, 汉语,,,TRUE,,FALSE,
A001018,,,,,,,,,,,,,,,,,,,,,